coach_id,unit,residual_value,games,season,team_id,source_manifest_hash
Andy Reid,offense,0.15080829278464813,19,2020,KC,daec211cfe940ff0b8c175d9b16010e7
Dan Quinn,offense,-0.010459662029927298,5,2020,ATL,daec211cfe940ff0b8c175d9b16010e7
John Harbaugh,offense,0.06812811467604685,18,2020,BAL,daec211cfe940ff0b8c175d9b16010e7
Sean McDermott,offense,0.11220505989488487,19,2020,BUF,daec211cfe940ff0b8c175d9b16010e7
Matt Rhule,offense,-0.027570195671980713,16,2020,CAR,daec211cfe940ff0b8c175d9b16010e7
Matt Patricia,offense,-0.035909895590019364,11,2020,DET,daec211cfe940ff0b8c175d9b16010e7
Doug Marrone,offense,-0.08998352260490444,16,2020,JAX,daec211cfe940ff0b8c175d9b16010e7
Mike Zimmer,offense,0.06364008214516446,16,2020,MIN,daec211cfe940ff0b8c175d9b16010e7
Bill Belichick,offense,-0.035518494936267665,16,2020,NE,daec211cfe940ff0b8c175d9b16010e7
Ron Rivera,offense,-0.09275318595225578,17,2020,WAS,daec211cfe940ff0b8c175d9b16010e7
Zac Taylor,offense,-0.07997633777364652,16,2020,CIN,daec211cfe940ff0b8c175d9b16010e7
Sean Payton,offense,0.033921941416217474,18,2020,NO,daec211cfe940ff0b8c175d9b16010e7
Kyle Shanahan,offense,-0.023148602160781552,16,2020,SF,daec211cfe940ff0b8c175d9b16010e7
Joe Judge,offense,-0.08699057254253531,16,2020,NYG,daec211cfe940ff0b8c175d9b16010e7
Vic Fangio,offense,-0.13527433531614208,16,2020,DEN,daec211cfe940ff0b8c175d9b16010e7
Kevin Stefanski,offense,0.06438593868290741,18,2020,CLE,daec211cfe940ff0b8c175d9b16010e7
Matt Nagy,offense,-0.06777032005927824,17,2020,CHI,daec211cfe940ff0b8c175d9b16010e7
Mike McCarthy,offense,-0.06966185579180954,16,2020,DAL,daec211cfe940ff0b8c175d9b16010e7
Matt LaFleur,offense,0.18396670287697453,18,2020,GB,daec211cfe940ff0b8c175d9b16010e7
Frank Reich,offense,0.05606101123167946,17,2020,IND,daec211cfe940ff0b8c175d9b16010e7
Brian Flores,offense,-0.024076322060890512,16,2020,MIA,daec211cfe940ff0b8c175d9b16010e7
Adam Gase,offense,-0.17418140226135273,16,2020,NYJ,daec211cfe940ff0b8c175d9b16010e7
Doug Pederson,offense,-0.12008259577772228,16,2020,PHI,daec211cfe940ff0b8c175d9b16010e7
Mike Tomlin,offense,-0.021559240665277188,17,2020,PIT,daec211cfe940ff0b8c175d9b16010e7
Bruce Arians,offense,0.09308112311805618,20,2020,TB,daec211cfe940ff0b8c175d9b16010e7
Mike Vrabel,offense,0.12679971554929337,17,2020,TEN,daec211cfe940ff0b8c175d9b16010e7
Kliff Kingsbury,offense,0.0070296701719274705,16,2020,ARI,daec211cfe940ff0b8c175d9b16010e7
Bill O'Brien,offense,0.0674396359203601,4,2020,HOU,daec211cfe940ff0b8c175d9b16010e7
Anthony Lynn,offense,-0.0043276765442421435,16,2020,LAC,daec211cfe940ff0b8c175d9b16010e7
Pete Carroll,offense,0.03660107925175453,17,2020,SEA,daec211cfe940ff0b8c175d9b16010e7
Jon Gruden,offense,0.014105771718704963,16,2020,LV,daec211cfe940ff0b8c175d9b16010e7
Romeo Crennel,offense,0.0674396359203601,12,2020,HOU,daec211cfe940ff0b8c175d9b16010e7
Raheem Morris,offense,-0.010459662029927298,11,2020,ATL,daec211cfe940ff0b8c175d9b16010e7
Darrell Bevell,offense,-0.035909895590019364,5,2020,DET,daec211cfe940ff0b8c175d9b16010e7
Bruce Arians,offense,0.11987117454181419,19,2021,TB,daec211cfe940ff0b8c175d9b16010e7
Arthur Smith,offense,-0.09393306523532031,17,2021,ATL,daec211cfe940ff0b8c175d9b16010e7
Sean McDermott,offense,0.14732711027616263,19,2021,BUF,daec211cfe940ff0b8c175d9b16010e7
Matt Rhule,offense,-0.13405325065381735,17,2021,CAR,daec211cfe940ff0b8c175d9b16010e7
Zac Taylor,offense,0.04953560270638731,21,2021,CIN,daec211cfe940ff0b8c175d9b16010e7
Dan Campbell,offense,-0.059563963974918296,17,2021,DET,daec211cfe940ff0b8c175d9b16010e7
David Culley,offense,-0.13448602937753448,17,2021,HOU,daec211cfe940ff0b8c175d9b16010e7
Frank Reich,offense,0.05522275550906729,17,2021,IND,daec211cfe940ff0b8c175d9b16010e7
Mike Vrabel,offense,0.01700171589091071,18,2021,TEN,daec211cfe940ff0b8c175d9b16010e7
Ron Rivera,offense,-0.05327328380539,17,2021,WAS,daec211cfe940ff0b8c175d9b16010e7
Andy Reid,offense,0.15541804252311286,20,2021,KC,daec211cfe940ff0b8c175d9b16010e7
Bill Belichick,offense,0.07237971574627464,18,2021,NE,daec211cfe940ff0b8c175d9b16010e7
Sean Payton,offense,-0.07022822634733178,17,2021,NO,daec211cfe940ff0b8c175d9b16010e7
Joe Judge,offense,-0.15759839524313823,17,2021,NYG,daec211cfe940ff0b8c175d9b16010e7
Jon Gruden,offense,-0.011175373336327048,5,2021,LV,daec211cfe940ff0b8c175d9b16010e7
Matt Nagy,offense,-0.09646268349993231,17,2021,CHI,daec211cfe940ff0b8c175d9b16010e7
Kevin Stefanski,offense,0.016787565923529563,17,2021,CLE,daec211cfe940ff0b8c175d9b16010e7
Urban Meyer,offense,-0.08471923288968684,13,2021,JAX,daec211cfe940ff0b8c175d9b16010e7
Brian Flores,offense,-0.0550746860970471,17,2021,MIA,daec211cfe940ff0b8c175d9b16010e7
Robert Saleh,offense,-0.0884533326155217,17,2021,NYJ,daec211cfe940ff0b8c175d9b16010e7
Nick Sirianni,offense,0.06423679322797059,18,2021,PHI,daec211cfe940ff0b8c175d9b16010e7
Mike Tomlin,offense,-0.07286206850617863,18,2021,PIT,daec211cfe940ff0b8c175d9b16010e7
Kliff Kingsbury,offense,0.055099791722863695,18,2021,ARI,daec211cfe940ff0b8c175d9b16010e7
Brandon Staley,offense,0.09822840617793317,17,2021,LAC,daec211cfe940ff0b8c175d9b16010e7
Pete Carroll,offense,0.03493646904966207,17,2021,SEA,daec211cfe940ff0b8c175d9b16010e7
John Harbaugh,offense,0.008761598385129648,17,2021,BAL,daec211cfe940ff0b8c175d9b16010e7
Matt LaFleur,offense,0.12493334849129313,18,2021,GB,daec211cfe940ff0b8c175d9b16010e7
Vic Fangio,offense,0.018530529293423213,17,2021,DEN,daec211cfe940ff0b8c175d9b16010e7
Mike Zimmer,offense,0.02084939416392747,17,2021,MIN,daec211cfe940ff0b8c175d9b16010e7
Kyle Shanahan,offense,0.06249430188300516,20,2021,SF,daec211cfe940ff0b8c175d9b16010e7
Mike McCarthy,offense,0.08616388229569062,18,2021,DAL,daec211cfe940ff0b8c175d9b16010e7
Rich Bisaccia,offense,-0.011175373336327048,13,2021,LV,daec211cfe940ff0b8c175d9b16010e7
Darrell Bevell,offense,-0.08471923288968684,4,2021,JAX,daec211cfe940ff0b8c175d9b16010e7
Arthur Smith,offense,0.019312481354194583,17,2022,ATL,daec211cfe940ff0b8c175d9b16010e7
Matt Rhule,offense,-0.02009721128943731,5,2022,CAR,daec211cfe940ff0b8c175d9b16010e7
Matt Eberflus,offense,-0.0314904495379433,17,2022,CHI,daec211cfe940ff0b8c175d9b16010e7
Zac Taylor,offense,0.09570061847789625,19,2022,CIN,daec211cfe940ff0b8c175d9b16010e7
Dan Campbell,offense,0.08607496770994588,17,2022,DET,daec211cfe940ff0b8c175d9b16010e7
Lovie Smith,offense,-0.17449714350027445,17,2022,HOU,daec211cfe940ff0b8c175d9b16010e7
Mike McDaniel,offense,0.044559663996987735,18,2022,MIA,daec211cfe940ff0b8c175d9b16010e7
Robert Saleh,offense,-0.07308256754434489,17,2022,NYJ,daec211cfe940ff0b8c175d9b16010e7
Ron Rivera,offense,-0.06328179893622325,17,2022,WAS,daec211cfe940ff0b8c175d9b16010e7
Kliff Kingsbury,offense,-0.073692043513213,17,2022,ARI,daec211cfe940ff0b8c175d9b16010e7
Brandon Staley,offense,0.025198964287756344,18,2022,LAC,daec211cfe940ff0b8c175d9b16010e7
Kevin O'Connell,offense,0.012435416039886685,18,2022,MIN,daec211cfe940ff0b8c175d9b16010e7
Mike Vrabel,offense,-0.04512435481356047,17,2022,TEN,daec211cfe940ff0b8c175d9b16010e7
Mike McCarthy,offense,0.04109634659158182,19,2022,DAL,daec211cfe940ff0b8c175d9b16010e7
Pete Carroll,offense,0.015568669773512435,18,2022,SEA,daec211cfe940ff0b8c175d9b16010e7
Andy Reid,offense,0.20166059446552434,20,2022,KC,daec211cfe940ff0b8c175d9b16010e7
John Harbaugh,offense,0.01322380059332308,18,2022,BAL,daec211cfe940ff0b8c175d9b16010e7
Kevin Stefanski,offense,0.026862069500495925,17,2022,CLE,daec211cfe940ff0b8c175d9b16010e7
Doug Pederson,offense,0.058417250361960306,19,2022,JAX,daec211cfe940ff0b8c175d9b16010e7
Dennis Allen,offense,-0.023564511212163297,17,2022,NO,daec211cfe940ff0b8c175d9b16010e7
Brian Daboll,offense,0.05174419062749501,19,2022,NYG,daec211cfe940ff0b8c175d9b16010e7
Mike Tomlin,offense,0.026178545622461268,17,2022,PIT,daec211cfe940ff0b8c175d9b16010e7
Kyle Shanahan,offense,0.09142823670849384,20,2022,SF,daec211cfe940ff0b8c175d9b16010e7
Nathaniel Hackett,offense,-0.09434091830572917,15,2022,DEN,daec211cfe940ff0b8c175d9b16010e7
Josh McDaniels,offense,0.01481759635977737,17,2022,LV,daec211cfe940ff0b8c175d9b16010e7
Matt LaFleur,offense,0.01751324001487333,17,2022,GB,daec211cfe940ff0b8c175d9b16010e7
Sean McDermott,offense,0.10786870739434883,18,2022,BUF,daec211cfe940ff0b8c175d9b16010e7
Nick Sirianni,offense,0.13512390561227994,20,2022,PHI,daec211cfe940ff0b8c175d9b16010e7
Frank Reich,offense,-0.1536483033802603,9,2022,IND,daec211cfe940ff0b8c175d9b16010e7
Bill Belichick,offense,-0.039573026744858325,17,2022,NE,daec211cfe940ff0b8c175d9b16010e7
Todd Bowles,offense,-0.024306503739360434,18,2022,TB,daec211cfe940ff0b8c175d9b16010e7
Steve Wilks,offense,-0.02009721128943731,12,2022,CAR,daec211cfe940ff0b8c175d9b16010e7
Jeff Saturday,offense,-0.1536483033802603,8,2022,IND,daec211cfe940ff0b8c175d9b16010e7
Jay Rosburg,offense,-0.09434091830572917,2,2022,DEN,daec211cfe940ff0b8c175d9b16010e7
Andy Reid,offense,0.0690970301153901,21,2023,KC,daec211cfe940ff0b8c175d9b16010e7
Arthur Smith,offense,-0.05773640753745273,17,2023,ATL,daec211cfe940ff0b8c175d9b16010e7
John Harbaugh,offense,0.10397932110730634,19,2023,BAL,daec211cfe940ff0b8c175d9b16010e7
Kevin Stefanski,offense,-0.10911333706024529,18,2023,CLE,daec211cfe940ff0b8c175d9b16010e7
Shane Steichen,offense,0.005660505467963629,17,2023,IND,daec211cfe940ff0b8c175d9b16010e7
Kevin O'Connell,offense,0.0005428981854692719,17,2023,MIN,daec211cfe940ff0b8c175d9b16010e7
Dennis Allen,offense,0.027525986990306516,17,2023,NO,daec211cfe940ff0b8c175d9b16010e7
Mike Tomlin,offense,-0.036494805286361114,18,2023,PIT,daec211cfe940ff0b8c175d9b16010e7
Ron Rivera,offense,-0.06449722048678269,17,2023,WAS,daec211cfe940ff0b8c175d9b16010e7
Matt Eberflus,offense,-0.007630340654400394,17,2023,CHI,daec211cfe940ff0b8c175d9b16010e7
Sean Payton,offense,-0.01693987854409612,17,2023,DEN,daec211cfe940ff0b8c175d9b16010e7
Brandon Staley,offense,-0.03478060919883897,14,2023,LAC,daec211cfe940ff0b8c175d9b16010e7
Bill Belichick,offense,-0.14953208201346876,17,2023,NE,daec211cfe940ff0b8c175d9b16010e7
Pete Carroll,offense,0.057566292505797687,17,2023,SEA,daec211cfe940ff0b8c175d9b16010e7
Brian Daboll,offense,-0.13254681696704945,17,2023,NYG,daec211cfe940ff0b8c175d9b16010e7
Robert Saleh,offense,-0.2104056601093308,17,2023,NYJ,daec211cfe940ff0b8c175d9b16010e7
Nick Sirianni,offense,0.08492188215248825,18,2023,PHI,daec211cfe940ff0b8c175d9b16010e7
Sean McDermott,offense,0.15614733967925584,19,2023,BUF,daec211cfe940ff0b8c175d9b16010e7
Zac Taylor,offense,0.031003062008641873,17,2023,CIN,daec211cfe940ff0b8c175d9b16010e7
Dan Campbell,offense,0.12020860025147997,20,2023,DET,daec211cfe940ff0b8c175d9b16010e7
DeMeco Ryans,offense,0.014900907593438435,19,2023,HOU,daec211cfe940ff0b8c175d9b16010e7
Doug Pederson,offense,-0.029171700071574498,17,2023,JAX,daec211cfe940ff0b8c175d9b16010e7
Todd Bowles,offense,0.04027061458444347,19,2023,TB,daec211cfe940ff0b8c175d9b16010e7
Mike Vrabel,offense,-0.006038604985748784,17,2023,TEN,daec211cfe940ff0b8c175d9b16010e7
Jonathan Gannon,offense,-0.030136223372778832,17,2023,ARI,daec211cfe940ff0b8c175d9b16010e7
Mike McCarthy,offense,0.14366323972955872,18,2023,DAL,daec211cfe940ff0b8c175d9b16010e7
Frank Reich,offense,-0.13550970311682708,11,2023,CAR,daec211cfe940ff0b8c175d9b16010e7
Kyle Shanahan,offense,0.20672499034428787,20,2023,SF,daec211cfe940ff0b8c175d9b16010e7
Matt LaFleur,offense,0.11881464183830825,19,2023,GB,daec211cfe940ff0b8c175d9b16010e7
Mike McDaniel,offense,0.12159016316424395,18,2023,MIA,daec211cfe940ff0b8c175d9b16010e7
Josh McDaniels,offense,-0.05589688699887923,8,2023,LV,daec211cfe940ff0b8c175d9b16010e7
Antonio Pierce,offense,-0.05589688699887923,9,2023,LV,daec211cfe940ff0b8c175d9b16010e7
Chris Tabor,offense,-0.13550970311682708,6,2023,CAR,daec211cfe940ff0b8c175d9b16010e7
Giff Smith,offense,-0.03478060919883897,3,2023,LAC,daec211cfe940ff0b8c175d9b16010e7
Andy Reid,offense,0.05537694557821844,20,2024,KC,daec211cfe940ff0b8c175d9b16010e7
Nick Sirianni,offense,0.1124776968481252,21,2024,PHI,daec211cfe940ff0b8c175d9b16010e7
Raheem Morris,offense,0.027889158513200382,17,2024,ATL,daec211cfe940ff0b8c175d9b16010e7
Sean McDermott,offense,0.18319329610518045,20,2024,BUF,daec211cfe940ff0b8c175d9b16010e7
Matt Eberflus,offense,-0.0882140398697202,17,2024,CHI,daec211cfe940ff0b8c175d9b16010e7
Zac Taylor,offense,0.08387124596995318,17,2024,CIN,daec211cfe940ff0b8c175d9b16010e7
Shane Steichen,offense,-0.0631351405943343,17,2024,IND,daec211cfe940ff0b8c175d9b16010e7
Mike McDaniel,offense,-0.04523622991454228,17,2024,MIA,daec211cfe940ff0b8c175d9b16010e7
Dennis Allen,offense,-0.06318210016795081,17,2024,NO,daec211cfe940ff0b8c175d9b16010e7
Brian Daboll,offense,-0.1134101321975287,17,2024,NYG,daec211cfe940ff0b8c175d9b16010e7
Jim Harbaugh,offense,0.004544666520062267,18,2024,LAC,daec211cfe940ff0b8c175d9b16010e7
Mike Macdonald,offense,-0.03614933491282255,17,2024,SEA,daec211cfe940ff0b8c175d9b16010e7
Kevin Stefanski,offense,-0.18962628793057398,17,2024,CLE,daec211cfe940ff0b8c175d9b16010e7
Todd Bowles,offense,0.12288628302002298,18,2024,TB,daec211cfe940ff0b8c175d9b16010e7
Dan Campbell,offense,0.1582176103531645,18,2024,DET,daec211cfe940ff0b8c175d9b16010e7
Kyle Shanahan,offense,0.0624378011329501,17,2024,SF,daec211cfe940ff0b8c175d9b16010e7
John Harbaugh,offense,0.21271566923947247,19,2024,BAL,daec211cfe940ff0b8c175d9b16010e7
Dave Canales,offense,-0.05948553525877863,17,2024,CAR,daec211cfe940ff0b8c175d9b16010e7
Mike McCarthy,offense,-0.11573213496845676,17,2024,DAL,daec211cfe940ff0b8c175d9b16010e7
Matt LaFleur,offense,0.06426544488236159,18,2024,GB,daec211cfe940ff0b8c175d9b16010e7
Doug Pederson,offense,-0.026449235418759424,17,2024,JAX,daec211cfe940ff0b8c175d9b16010e7
Kevin O'Connell,offense,-0.016192470428318756,18,2024,MIN,daec211cfe940ff0b8c175d9b16010e7
Jerod Mayo,offense,-0.08951887656209699,17,2024,NE,daec211cfe940ff0b8c175d9b16010e7
Brian Callahan,offense,-0.12240797079704936,17,2024,TEN,daec211cfe940ff0b8c175d9b16010e7
Dan Quinn,offense,0.1259056204752086,20,2024,WAS,daec211cfe940ff0b8c175d9b16010e7
Jonathan Gannon,offense,0.06077397020191671,17,2024,ARI,daec211cfe940ff0b8c175d9b16010e7
Sean Payton,offense,0.008285450394425912,18,2024,DEN,daec211cfe940ff0b8c175d9b16010e7
DeMeco Ryans,offense,-0.05134326362171586,19,2024,HOU,daec211cfe940ff0b8c175d9b16010e7
Robert Saleh,offense,-0.019386270272809224,17,2024,NYJ,daec211cfe940ff0b8c175d9b16010e7
Mike Tomlin,offense,-0.03438004567687065,18,2024,PIT,daec211cfe940ff0b8c175d9b16010e7
Antonio Pierce,offense,-0.1489917906419343,17,2024,LV,daec211cfe940ff0b8c175d9b16010e7
Nick Sirianni,offense,0.025665184215168082,18,2025,PHI,daec211cfe940ff0b8c175d9b16010e7
Jim Harbaugh,offense,-0.03108505128253877,18,2025,LAC,daec211cfe940ff0b8c175d9b16010e7
Raheem Morris,offense,-0.017019378485278062,17,2025,ATL,daec211cfe940ff0b8c175d9b16010e7
Kevin Stefanski,offense,-0.1858780247224688,17,2025,CLE,daec211cfe940ff0b8c175d9b16010e7
Shane Steichen,offense,0.076471108476209,17,2025,IND,daec211cfe940ff0b8c175d9b16010e7
Liam Coen,offense,0.03470851294030103,18,2025,JAX,daec211cfe940ff0b8c175d9b16010e7
Mike Vrabel,offense,0.09391599551531318,21,2025,NE,daec211cfe940ff0b8c175d9b16010e7
Kellen Moore,offense,-0.08370286826823771,17,2025,NO,daec211cfe940ff0b8c175d9b16010e7
Aaron Glenn,offense,-0.12215588654707174,17,2025,NYJ,daec211cfe940ff0b8c175d9b16010e7
Dan Quinn,offense,0.009758982594701964,17,2025,WAS,daec211cfe940ff0b8c175d9b16010e7
Sean Payton,offense,0.03570807257641225,19,2025,DEN,daec211cfe940ff0b8c175d9b16010e7
Mike Macdonald,offense,0.04914640303480751,20,2025,SEA,daec211cfe940ff0b8c175d9b16010e7
Matt LaFleur,offense,0.12598458077960423,18,2025,GB,daec211cfe940ff0b8c175d9b16010e7
Sean McDermott,offense,0.14192595059781604,19,2025,BUF,daec211cfe940ff0b8c175d9b16010e7
Ben Johnson,offense,0.07797083126110896,19,2025,CHI,daec211cfe940ff0b8c175d9b16010e7
John Harbaugh,offense,0.038306355656881876,17,2025,BAL,daec211cfe940ff0b8c175d9b16010e7
Zac Taylor,offense,-0.004103820265777896,17,2025,CIN,daec211cfe940ff0b8c175d9b16010e7
Brian Schottenheimer,offense,0.1013177844545924,17,2025,DAL,daec211cfe940ff0b8c175d9b16010e7
Dan Campbell,offense,0.08562830952064637,17,2025,DET,daec211cfe940ff0b8c175d9b16010e7
Mike McDaniel,offense,-0.012465792533839608,17,2025,MIA,daec211cfe940ff0b8c175d9b16010e7
Mike Tomlin,offense,-0.0018784886821546984,18,2025,PIT,daec211cfe940ff0b8c175d9b16010e7
Brian Callahan,offense,-0.1553188569876072,17,2025,TEN,daec211cfe940ff0b8c175d9b16010e7
Jonathan Gannon,offense,-0.01415436345969042,17,2025,ARI,daec211cfe940ff0b8c175d9b16010e7
Andy Reid,offense,0.03923282020650047,17,2025,KC,daec211cfe940ff0b8c175d9b16010e7
Kevin O'Connell,offense,-0.11114927378210637,17,2025,MIN,daec211cfe940ff0b8c175d9b16010e7
DeMeco Ryans,offense,-0.02639171529046756,19,2025,HOU,daec211cfe940ff0b8c175d9b16010e7
Pete Carroll,offense,-0.2110099891262004,17,2025,LV,daec211cfe940ff0b8c175d9b16010e7
Dave Canales,offense,-0.03697895977851378,18,2025,CAR,daec211cfe940ff0b8c175d9b16010e7
Todd Bowles,offense,-0.004531271639346032,17,2025,TB,daec211cfe940ff0b8c175d9b16010e7
Kyle Shanahan,offense,0.06540304785019062,19,2025,SF,daec211cfe940ff0b8c175d9b16010e7
Brian Daboll,offense,0.01667980117104513,17,2025,NYG,daec211cfe940ff0b8c175d9b16010e7
