player_id,season,value,dropbacks,recency_dropbacks,years_experience,available_at_utc,source_manifest_hash
00-0019596,2020,0.20907989143371639,773,1666.0,21.0,2021-02-15T00:00:00Z,daec211cfe940ff0b8c175d9b16010e7
00-0019596,2021,0.1564192693360737,838,828.0,22.0,2022-02-15T00:00:00Z,daec211cfe940ff0b8c175d9b16010e7
00-0019596,2022,0.04664887111176458,828,0.0,23.0,2023-02-15T00:00:00Z,daec211cfe940ff0b8c175d9b16010e7
00-0020531,2020,0.10817846496150098,475,0.0,20.0,2021-02-15T00:00:00Z,daec211cfe940ff0b8c175d9b16010e7
00-0022924,2020,0.07512136283797292,696,692.0,17.0,2021-02-15T00:00:00Z,daec211cfe940ff0b8c175d9b16010e7
00-0022924,2021,-0.08394416106775572,692,0.0,18.0,2022-02-15T00:00:00Z,daec211cfe940ff0b8c175d9b16010e7
00-0022942,2020,0.178687447998742,608,97.0,17.0,2021-02-15T00:00:00Z,daec211cfe940ff0b8c175d9b16010e7
00-0022942,2025,-0.11541789244580733,97,0.0,22.0,2026-02-15T00:00:00Z,daec211cfe940ff0b8c175d9b16010e7
00-0023436,2020,-0.13522201473040285,274,0.0,16.0,2021-02-15T00:00:00Z,daec211cfe940ff0b8c175d9b16010e7
00-0023459,2020,0.30804757831437063,634,2358.0,16.0,2021-02-15T00:00:00Z,daec211cfe940ff0b8c175d9b16010e7
00-0023459,2021,0.2057818709913272,592,1766.0,17.0,2022-02-15T00:00:00Z,daec211cfe940ff0b8c175d9b16010e7
00-0023459,2022,-0.031817293889167896,575,1191.0,18.0,2023-02-15T00:00:00Z,daec211cfe940ff0b8c175d9b16010e7
00-0023459,2024,-0.0020169089078976637,627,564.0,20.0,2025-02-15T00:00:00Z,daec211cfe940ff0b8c175d9b16010e7
00-0023459,2025,-0.022191015614608674,564,0.0,21.0,2026-02-15T00:00:00Z,daec211cfe940ff0b8c175d9b16010e7
00-0023682,2020,0.17250441136918548,282,0.0,16.0,2021-02-15T00:00:00Z,daec211cfe940ff0b8c175d9b16010e7
00-0026143,2020,0.08599760931083353,669,1103.0,13.0,2021-02-15T00:00:00Z,daec211cfe940ff0b8c175d9b16010e7
00-0026143,2021,-0.02823914670427618,601,502.0,14.0,2022-02-15T00:00:00Z,daec211cfe940ff0b8c175d9b16010e7
00-0026143,2022,-0.09122132991364625,502,0.0,15.0,2023-02-15T00:00:00Z,daec211cfe940ff0b8c175d9b16010e7
00-0026158,2020,-0.06500065386020379,141,1207.0,13.0,2021-02-15T00:00:00Z,daec211cfe940ff0b8c175d9b16010e7
00-0026158,2021,0.1430481608285188,44,1163.0,14.0,2022-02-15T00:00:00Z,daec211cfe940ff0b8c175d9b16010e7
00-0026158,2022,-0.15000427153617846,201,962.0,15.0,2023-02-15T00:00:00Z,daec211cfe940ff0b8c175d9b16010e7
00-0026158,2023,-0.10821169196237451,263,699.0,16.0,2024-02-15T00:00:00Z,daec211cfe940ff0b8c175d9b16010e7
00-0026158,2024,0.007686838472535084,267,432.0,17.0,2025-02-15T00:00:00Z,daec211cfe940ff0b8c175d9b16010e7
00-0026158,2025,-0.11374926353751141,432,0.0,18.0,2026-02-15T00:00:00Z,daec211cfe940ff0b8c175d9b16010e7
00-0026197,2020,0.284912756947084,49,0.0,13.0,2021-02-15T00:00:00Z,daec211cfe940ff0b8c175d9b16010e7
00-0026300,2021,0.31122132878867725,88,54.0,14.0,2022-02-15T00:00:00Z,daec211cfe940ff0b8c175d9b16010e7
00-0026300,2025,0.08234083929855313,54,0.0,18.0,2026-02-15T00:00:00Z,daec211cfe940ff0b8c175d9b16010e7
00-0026498,2020,0.09954971746303798,563,3066.0,12.0,2021-02-15T00:00:00Z,daec211cfe940ff0b8c175d9b16010e7
00-0026498,2021,0.20607248438586054,780,2286.0,13.0,2022-02-15T00:00:00Z,daec211cfe940ff0b8c175d9b16010e7
00-0026498,2022,-0.08779621300025944,332,1954.0,14.0,2023-02-15T00:00:00Z,daec211cfe940ff0b8c175d9b16010e7
00-0026498,2023,0.10876401419199586,589,1365.0,15.0,2024-02-15T00:00:00Z,daec211cfe940ff0b8c175d9b16010e7
00-0026498,2024,0.06648196423115178,624,741.0,16.0,2025-02-15T00:00:00Z,daec211cfe940ff0b8c175d9b16010e7
00-0026498,2025,0.22139326728721925,741,0.0,17.0,2026-02-15T00:00:00Z,daec211cfe940ff0b8c175d9b16010e7
00-0026544,2020,-0.33198417140697667,45,0.0,1.0,2021-02-15T00:00:00Z,daec211cfe940ff0b8c175d9b16010e7
00-0026625,2020,-0.35567868272848496,26,43.0,1.0,2021-02-15T00:00:00Z,daec211cfe940ff0b8c175d9b16010e7
00-0026625,2023,-0.2042040175201024,43,0.0,4.0,2024-02-15T00:00:00Z,daec211cfe940ff0b8c175d9b16010e7
00-0027688,2020,-0.11959795474066463,72,250.0,11.0,2021-02-15T00:00:00Z,daec211cfe940ff0b8c175d9b16010e7
00-0027688,2021,0.13631896914624012,105,145.0,12.0,2022-02-15T00:00:00Z,daec211cfe940ff0b8c175d9b16010e7
00-0027688,2022,-0.26175528641161705,145,0.0,13.0,2023-02-15T00:00:00Z,daec211cfe940ff0b8c175d9b16010e7
00-0027939,2020,-0.05633375522818811,398,137.0,10.0,2021-02-15T00:00:00Z,daec211cfe940ff0b8c175d9b16010e7
00-0027939,2021,-0.2899884714942649,137,0.0,11.0,2022-02-15T00:00:00Z,daec211cfe940ff0b8c175d9b16010e7
00-0027948,2023,-0.44842464181010466,36,0.0,13.0,2024-02-15T00:00:00Z,daec211cfe940ff0b8c175d9b16010e7
00-0027973,2020,-0.04259713221427842,357,934.0,10.0,2021-02-15T00:00:00Z,daec211cfe940ff0b8c175d9b16010e7
00-0027973,2021,-0.11790882974502725,256,678.0,11.0,2022-02-15T00:00:00Z,daec211cfe940ff0b8c175d9b16010e7
00-0027973,2022,0.01802270005011771,404,274.0,12.0,2023-02-15T00:00:00Z,daec211cfe940ff0b8c175d9b16010e7
00-0027973,2023,0.07456278018405275,61,213.0,13.0,2024-02-15T00:00:00Z,daec211cfe940ff0b8c175d9b16010e7
00-0027973,2024,-0.15145560226477564,168,45.0,14.0,2025-02-15T00:00:00Z,daec211cfe940ff0b8c175d9b16010e7
00-0027973,2025,-0.125814897285715,45,0.0,15.0,2026-02-15T00:00:00Z,daec211cfe940ff0b8c175d9b16010e7
00-0028118,2020,-0.005976033087426599,32,526.0,10.0,2021-02-15T00:00:00Z,daec211cfe940ff0b8c175d9b16010e7
00-0028118,2021,-0.14297371768090958,162,364.0,11.0,2022-02-15T00:00:00Z,daec211cfe940ff0b8c175d9b16010e7
00-0028118,2023,0.008222132097574207,192,172.0,13.0,2024-02-15T00:00:00Z,daec211cfe940ff0b8c175d9b16010e7
00-0028118,2024,0.44252344510228375,25,147.0,14.0,2025-02-15T00:00:00Z,daec211cfe940ff0b8c175d9b16010e7
00-0028118,2025,-0.08966882559955024,147,0.0,15.0,2026-02-15T00:00:00Z,daec211cfe940ff0b8c175d9b16010e7
00-0028986,2021,-0.10748380745412121,77,59.0,1.0,2022-02-15T00:00:00Z,daec211cfe940ff0b8c175d9b16010e7
00-0028986,2023,-0.3500225318915549,59,0.0,3.0,2024-02-15T00:00:00Z,daec211cfe940ff0b8c175d9b16010e7
00-0029263,2020,0.08691435401851325,638,1994.0,9.0,2021-02-15T00:00:00Z,daec211cfe940ff0b8c175d9b16010e7
00-0029263,2021,0.014227346112403427,435,1559.0,10.0,2022-02-15T00:00:00Z,daec211cfe940ff0b8c175d9b16010e7
00-0029263,2022,-0.1056898684778542,538,1021.0,11.0,2023-02-15T00:00:00Z,daec211cfe940ff0b8c175d9b16010e7
00-0029263,2023,-0.07497446759003769,491,530.0,12.0,2024-02-15T00:00:00Z,daec211cfe940ff0b8c175d9b16010e7
00-0029263,2024,0.007965011785391555,401,129.0,13.0,2025-02-15T00:00:00Z,daec211cfe940ff0b8c175d9b16010e7
00-0029263,2025,-0.12152288363754014,129,0.0,14.0,2026-02-15T00:00:00Z,daec211cfe940ff0b8c175d9b16010e7
00-0029567,2020,-0.13741263654361238,330,90.0,9.0,2021-02-15T00:00:00Z,daec211cfe940ff0b8c175d9b16010e7
00-0029567,2021,0.1384795595545842,40,50.0,10.0,2022-02-15T00:00:00Z,daec211cfe940ff0b8c175d9b16010e7
00-0029567,2022,-0.6834245387002607,50,0.0,11.0,2023-02-15T00:00:00Z,daec211cfe940ff0b8c175d9b16010e7
00-0029604,2020,0.1498029682177122,558,2401.0,9.0,2021-02-15T00:00:00Z,daec211cfe940ff0b8c175d9b16010e7
00-0029604,2021,0.107009519427426,587,1814.0,10.0,2022-02-15T00:00:00Z,daec211cfe940ff0b8c175d9b16010e7
00-0029604,2022,0.04433769689987454,729,1085.0,11.0,2023-02-15T00:00:00Z,daec211cfe940ff0b8c175d9b16010e7
00-0029604,2023,0.05924800054721048,326,759.0,12.0,2024-02-15T00:00:00Z,daec211cfe940ff0b8c175d9b16010e7
00-0029604,2024,0.03395829004548604,478,281.0,13.0,2025-02-15T00:00:00Z,daec211cfe940ff0b8c175d9b16010e7
00-0029604,2025,-0.022800482967766343,281,0.0,14.0,2026-02-15T00:00:00Z,daec211cfe940ff0b8c175d9b16010e7
00-0029701,2020,0.22344154990307882,534,1221.0,9.0,2021-02-15T00:00:00Z,daec211cfe940ff0b8c175d9b16010e7
00-0029701,2021,0.012594473949048569,603,618.0,10.0,2022-02-15T00:00:00Z,daec211cfe940ff0b8c175d9b16010e7
00-0029701,2022,0.04440794090122614,358,260.0,11.0,2023-02-15T00:00:00Z,daec211cfe940ff0b8c175d9b16010e7
00-0029701,2023,-0.08709110156589235,260,0.0,12.0,2024-02-15T00:00:00Z,daec211cfe940ff0b8c175d9b16010e7
00-0030520,2020,-0.12732122768915458,189,174.0,8.0,2021-02-15T00:00:00Z,daec211cfe940ff0b8c175d9b16010e7
00-0030520,2021,-0.466494084115112,174,0.0,9.0,2022-02-15T00:00:00Z,daec211cfe940ff0b8c175d9b16010e7
00-0030533,2020,0.006495473512173207,22,0.0,8.0,2021-02-15T00:00:00Z,daec211cfe940ff0b8c175d9b16010e7
00-0030565,2021,-0.015690273957358267,107,2318.0,9.0,2022-02-15T00:00:00Z,daec211cfe940ff0b8c175d9b16010e7
00-0030565,2022,0.0078484903321882,658,1660.0,10.0,2023-02-15T00:00:00Z,daec211cfe940ff0b8c175d9b16010e7
00-0030565,2023,0.0637961020987381,528,1132.0,11.0,2024-02-15T00:00:00Z,daec211cfe940ff0b8c175d9b16010e7
00-0030565,2024,0.005482437677730809,629,503.0,12.0,2025-02-15T00:00:00Z,daec211cfe940ff0b8c175d9b16010e7
00-0030565,2025,-0.14633694147902812,503,0.0,13.0,2026-02-15T00:00:00Z,daec211cfe940ff0b8c175d9b16010e7
00-0031237,2020,0.05556690542340401,523,547.0,7.0,2021-02-15T00:00:00Z,daec211cfe940ff0b8c175d9b16010e7
00-0031237,2021,0.11309841519251085,460,87.0,8.0,2022-02-15T00:00:00Z,daec211cfe940ff0b8c175d9b16010e7
00-0031237,2022,-0.06750626297356128,87,0.0,9.0,2023-02-15T00:00:00Z,daec211cfe940ff0b8c175d9b16010e7
00-0031280,2020,0.07783024874691612,540,2125.0,7.0,2021-02-15T00:00:00Z,daec211cfe940ff0b8c175d9b16010e7
00-0031280,2021,0.031229915307972343,722,1403.0,8.0,2022-02-15T00:00:00Z,daec211cfe940ff0b8c175d9b16010e7
00-0031280,2022,0.0240181972854442,532,871.0,9.0,2023-02-15T00:00:00Z,daec211cfe940ff0b8c175d9b16010e7
00-0031280,2023,0.048235898990742765,581,290.0,10.0,2024-02-15T00:00:00Z,daec211cfe940ff0b8c175d9b16010e7
00-0031280,2024,0.14586565405975344,290,0.0,11.0,2025-02-15T00:00:00Z,daec211cfe940ff0b8c175d9b16010e7
00-0031345,2020,0.16473890066621955,151,1100.0,7.0,2021-02-15T00:00:00Z,daec211cfe940ff0b8c175d9b16010e7
00-0031345,2021,0.1402826940429592,546,554.0,8.0,2022-02-15T00:00:00Z,daec211cfe940ff0b8c175d9b16010e7
00-0031345,2022,0.1892507912173972,326,228.0,9.0,2023-02-15T00:00:00Z,daec211cfe940ff0b8c175d9b16010e7
00-0031345,2023,-0.09728000442942125,183,45.0,10.0,2024-02-15T00:00:00Z,daec211cfe940ff0b8c175d9b16010e7
00-0031345,2024,0.046169604091511926,45,0.0,11.0,2025-02-15T00:00:00Z,daec211cfe940ff0b8c175d9b16010e7
00-0031395,2020,-0.23167055559961114,39,33.0,7.0,2021-02-15T00:00:00Z,daec211cfe940ff0b8c175d9b16010e7
00-0031395,2021,-0.08334524565155911,33,0.0,8.0,2022-02-15T00:00:00Z,daec211cfe940ff0b8c175d9b16010e7
00-0031503,2021,0.09249935168765822,172,569.0,7.0,2022-02-15T00:00:00Z,daec211cfe940ff0b8c175d9b16010e7
00-0031503,2022,-0.09842414954417274,125,444.0,8.0,2023-02-15T00:00:00Z,daec211cfe940ff0b8c175d9b16010e7
00-0031503,2023,-0.19977590969043296,49,395.0,9.0,2024-02-15T00:00:00Z,daec211cfe940ff0b8c175d9b16010e7
00-0031503,2024,-0.09240415747213662,326,69.0,10.0,2025-02-15T00:00:00Z,daec211cfe940ff0b8c175d9b16010e7
00-0031503,2025,0.223068130264241,69,0.0,11.0,2026-02-15T00:00:00Z,daec211cfe940ff0b8c175d9b16010e7
00-0031800,2020,0.0257825574289977,67,950.0,1.0,2021-02-15T00:00:00Z,daec211cfe940ff0b8c175d9b16010e7
00-0031800,2021,-0.079180301268442,532,418.0,2.0,2022-02-15T00:00:00Z,daec211cfe940ff0b8c175d9b16010e7
00-0031800,2022,-0.04532468534331664,276,142.0,3.0,2023-02-15T00:00:00Z,daec211cfe940ff0b8c175d9b16010e7
00-0031800,2023,-0.009925923133013255,142,0.0,4.0,2024-02-15T00:00:00Z,daec211cfe940ff0b8c175d9b16010e7
00-0032156,2021,-0.05220052581211192,201,189.0,7.0,2022-02-15T00:00:00Z,daec211cfe940ff0b8c175d9b16010e7
00-0032156,2022,-0.2555139761601228,28,161.0,8.0,2023-02-15T00:00:00Z,daec211cfe940ff0b8c175d9b16010e7
00-0032156,2023,-0.33909754805418435,161,0.0,9.0,2024-02-15T00:00:00Z,daec211cfe940ff0b8c175d9b16010e7
00-0032245,2021,-0.2871472488971817,38,0.0,7.0,2022-02-15T00:00:00Z,daec211cfe940ff0b8c175d9b16010e7
00-0032268,2020,0.3104375181332911,27,643.0,6.0,2021-02-15T00:00:00Z,daec211cfe940ff0b8c175d9b16010e7
00-0032268,2022,-0.0206033688612956,326,317.0,8.0,2023-02-15T00:00:00Z,daec211cfe940ff0b8c175d9b16010e7
00-0032268,2023,-0.19654214862939665,26,291.0,9.0,2024-02-15T00:00:00Z,daec211cfe940ff0b8c175d9b16010e7
00-0032268,2024,0.4103011310316813,47,244.0,10.0,2025-02-15T00:00:00Z,daec211cfe940ff0b8c175d9b16010e7
00-0032268,2025,-0.007710550328687299,244,0.0,11.0,2026-02-15T00:00:00Z,daec211cfe940ff0b8c175d9b16010e7
00-0032434,2020,-0.09821579601078108,149,101.0,5.0,2021-02-15T00:00:00Z,daec211cfe940ff0b8c175d9b16010e7
00-0032434,2021,-0.293563847769059,38,63.0,6.0,2022-02-15T00:00:00Z,daec211cfe940ff0b8c175d9b16010e7
00-0032434,2024,-0.5460205277187683,32,31.0,9.0,2025-02-15T00:00:00Z,daec211cfe940ff0b8c175d9b16010e7
00-0032434,2025,-0.7751093824267532,31,0.0,10.0,2026-02-15T00:00:00Z,daec211cfe940ff0b8c175d9b16010e7
00-0032436,2020,-0.17815507349396786,76,51.0,5.0,2021-02-15T00:00:00Z,daec211cfe940ff0b8c175d9b16010e7
00-0032436,2022,-0.09142459227322516,22,29.0,7.0,2023-02-15T00:00:00Z,daec211cfe940ff0b8c175d9b16010e7
00-0032436,2023,-0.37783476018651935,29,0.0,8.0,2024-02-15T00:00:00Z,daec211cfe940ff0b8c175d9b16010e7
00-0032950,2020,-0.16783255866030197,492,1099.0,5.0,2021-02-15T00:00:00Z,daec211cfe940ff0b8c175d9b16010e7
00-0032950,2021,0.01278222638453853,552,547.0,6.0,2022-02-15T00:00:00Z,daec211cfe940ff0b8c175d9b16010e7
00-0032950,2022,-0.12919628524190283,309,238.0,7.0,2023-02-15T00:00:00Z,daec211cfe940ff0b8c175d9b16010e7
00-0032950,2023,0.3006612245264049,27,211.0,8.0,2024-02-15T00:00:00Z,daec211cfe940ff0b8c175d9b16010e7
00-0032950,2024,-0.2937281832038831,23,188.0,9.0,2025-02-15T00:00:00Z,daec211cfe940ff0b8c175d9b16010e7
00-0032950,2025,0.03392912667067176,188,0.0,10.0,2026-02-15T00:00:00Z,daec211cfe940ff0b8c175d9b16010e7
00-0033077,2020,0.1115331252246602,233,2796.0,5.0,2021-02-15T00:00:00Z,daec211cfe940ff0b8c175d9b16010e7
00-0033077,2021,0.14181976334848573,678,2118.0,6.0,2022-02-15T00:00:00Z,daec211cfe940ff0b8c175d9b16010e7
00-0033077,2022,0.1119651900229671,486,1632.0,7.0,2023-02-15T00:00:00Z,daec211cfe940ff0b8c175d9b16010e7
00-0033077,2023,0.15488459974909072,695,937.0,8.0,2024-02-15T00:00:00Z,daec211cfe940ff0b8c175d9b16010e7
00-0033077,2024,-0.0628091833448867,307,630.0,9.0,2025-02-15T00:00:00Z,daec211cfe940ff0b8c175d9b16010e7
00-0033077,2025,0.16517417582398192,630,0.0,10.0,2026-02-15T00:00:00Z,daec211cfe940ff0b8c175d9b16010e7
00-0033106,2020,0.02422483757054275,627,3114.0,5.0,2021-02-15T00:00:00Z,daec211cfe940ff0b8c175d9b16010e7
00-0033106,2021,-0.0629625286120401,529,2585.0,6.0,2022-02-15T00:00:00Z,daec211cfe940ff0b8c175d9b16010e7
00-0033106,2022,0.1584612932268514,610,1975.0,7.0,2023-02-15T00:00:00Z,daec211cfe940ff0b8c175d9b16010e7
00-0033106,2023,0.12874493124395062,754,1221.0,8.0,2024-02-15T00:00:00Z,daec211cfe940ff0b8c175d9b16010e7
00-0033106,2024,0.253254258016018,607,614.0,9.0,2025-02-15T00:00:00Z,daec211cfe940ff0b8c175d9b16010e7
00-0033106,2025,0.17447773411323916,614,0.0,10.0,2026-02-15T00:00:00Z,daec211cfe940ff0b8c175d9b16010e7
00-0033119,2021,-0.10819289833489316,244,1123.0,6.0,2022-02-15T00:00:00Z,daec211cfe940ff0b8c175d9b16010e7
00-0033119,2022,0.03536537165374943,391,732.0,7.0,2023-02-15T00:00:00Z,daec211cfe940ff0b8c175d9b16010e7
00-0033119,2023,0.7119884693972341,23,709.0,8.0,2024-02-15T00:00:00Z,daec211cfe940ff0b8c175d9b16010e7
00-0033119,2024,-0.20728104425603378,179,530.0,9.0,2025-02-15T00:00:00Z,daec211cfe940ff0b8c175d9b16010e7
00-0033119,2025,-0.011969332848812736,530,0.0,10.0,2026-02-15T00:00:00Z,daec211cfe940ff0b8c175d9b16010e7
00-0033275,2020,-0.3741083137100405,60,307.0,1.0,2021-02-15T00:00:00Z,daec211cfe940ff0b8c175d9b16010e7
00-0033275,2021,-0.19961598071070372,73,234.0,2.0,2022-02-15T00:00:00Z,daec211cfe940ff0b8c175d9b16010e7
00-0033275,2022,-0.17638860208811055,113,121.0,3.0,2023-02-15T00:00:00Z,daec211cfe940ff0b8c175d9b16010e7
00-0033275,2023,-0.28825229080692877,121,0.0,4.0,2024-02-15T00:00:00Z,daec211cfe940ff0b8c175d9b16010e7
00-0033319,2020,0.009003945282128183,347,213.0,1.0,2021-02-15T00:00:00Z,daec211cfe940ff0b8c175d9b16010e7
00-0033319,2021,0.07941313986830852,29,184.0,2.0,2022-02-15T00:00:00Z,daec211cfe940ff0b8c175d9b16010e7
00-0033319,2022,0.4974998056324982,25,159.0,3.0,2023-02-15T00:00:00Z,daec211cfe940ff0b8c175d9b16010e7
00-0033319,2023,0.07904078833113314,159,0.0,4.0,2024-02-15T00:00:00Z,daec211cfe940ff0b8c175d9b16010e7
00-0033357,2020,-0.02063423752716794,136,162.0,1.0,2021-02-15T00:00:00Z,daec211cfe940ff0b8c175d9b16010e7
00-0033357,2021,-0.07970011277530735,141,21.0,2.0,2022-02-15T00:00:00Z,daec211cfe940ff0b8c175d9b16010e7
00-0033357,2022,0.5993419792646494,21,0.0,3.0,2023-02-15T00:00:00Z,daec211cfe940ff0b8c175d9b16010e7
00-0033537,2020,0.19308009937617063,595,625.0,4.0,2021-02-15T00:00:00Z,daec211cfe940ff0b8c175d9b16010e7
00-0033537,2022,-0.16051981022201542,188,437.0,6.0,2023-02-15T00:00:00Z,daec211cfe940ff0b8c175d9b16010e7
00-0033537,2023,-0.14114026042623415,187,250.0,7.0,2024-02-15T00:00:00Z,daec211cfe940ff0b8c175d9b16010e7
00-0033537,2024,-0.2461651040284466,250,0.0,8.0,2025-02-15T00:00:00Z,daec211cfe940ff0b8c175d9b16010e7
00-0033550,2022,-0.06008111063027747,41,0.0,6.0,2023-02-15T00:00:00Z,daec211cfe940ff0b8c175d9b16010e7
00-0033662,2021,0.16051388958259202,50,567.0,1.0,2022-02-15T00:00:00Z,daec211cfe940ff0b8c175d9b16010e7
00-0033662,2022,-0.08933070910716388,168,399.0,2.0,2023-02-15T00:00:00Z,daec211cfe940ff0b8c175d9b16010e7
00-0033662,2023,-0.20959790990276886,25,374.0,3.0,2024-02-15T00:00:00Z,daec211cfe940ff0b8c175d9b16010e7
00-0033662,2024,-0.10152129929746463,321,53.0,4.0,2025-02-15T00:00:00Z,daec211cfe940ff0b8c175d9b16010e7
00-0033662,2025,-0.4726751135400783,53,0.0,5.0,2026-02-15T00:00:00Z,daec211cfe940ff0b8c175d9b16010e7
00-0033869,2020,0.06294661201083336,346,368.0,4.0,2021-02-15T00:00:00Z,daec211cfe940ff0b8c175d9b16010e7
00-0033869,2022,0.010553987861658053,191,177.0,6.0,2023-02-15T00:00:00Z,daec211cfe940ff0b8c175d9b16010e7
00-0033869,2023,-0.15964681671332495,114,63.0,7.0,2024-02-15T00:00:00Z,daec211cfe940ff0b8c175d9b16010e7
00-0033869,2024,0.37371193239669753,26,37.0,8.0,2025-02-15T00:00:00Z,daec211cfe940ff0b8c175d9b16010e7
00-0033869,2025,0.6955263546394324,37,0.0,9.0,2026-02-15T00:00:00Z,daec211cfe940ff0b8c175d9b16010e7
00-0033873,2020,0.25481308399058555,732,3625.0,4.0,2021-02-15T00:00:00Z,daec211cfe940ff0b8c175d9b16010e7
00-0033873,2021,0.19709892578524799,818,2807.0,5.0,2022-02-15T00:00:00Z,daec211cfe940ff0b8c175d9b16010e7
00-0033873,2022,0.2621158191203261,780,2027.0,6.0,2023-02-15T00:00:00Z,daec211cfe940ff0b8c175d9b16010e7
00-0033873,2023,0.06934059961424778,776,1251.0,7.0,2024-02-15T00:00:00Z,daec211cfe940ff0b8c175d9b16010e7
00-0033873,2024,0.0959164699091297,714,537.0,8.0,2025-02-15T00:00:00Z,daec211cfe940ff0b8c175d9b16010e7
00-0033873,2025,0.1273575012992599,537,0.0,9.0,2026-02-15T00:00:00Z,daec211cfe940ff0b8c175d9b16010e7
00-0033936,2020,0.08206311061895855,113,60.0,4.0,2021-02-15T00:00:00Z,daec211cfe940ff0b8c175d9b16010e7
00-0033936,2023,-0.007611673693056109,60,0.0,7.0,2024-02-15T00:00:00Z,daec211cfe940ff0b8c175d9b16010e7
00-0033949,2022,-0.12127887214639331,74,498.0,6.0,2023-02-15T00:00:00Z,daec211cfe940ff0b8c175d9b16010e7
00-0033949,2023,-0.18131257149055105,450,48.0,7.0,2024-02-15T00:00:00Z,daec211cfe940ff0b8c175d9b16010e7
00-0033949,2024,0.12677643225562887,48,0.0,8.0,2025-02-15T00:00:00Z,daec211cfe940ff0b8c175d9b16010e7
00-0033958,2022,-0.20148183182347565,25,0.0,6.0,2023-02-15T00:00:00Z,daec211cfe940ff0b8c175d9b16010e7
00-0034177,2021,-0.04047905967743431,95,137.0,1.0,2022-02-15T00:00:00Z,daec211cfe940ff0b8c175d9b16010e7
00-0034177,2023,-0.4189182389389203,86,51.0,3.0,2024-02-15T00:00:00Z,daec211cfe940ff0b8c175d9b16010e7
00-0034177,2024,-0.2799602716307466,51,0.0,4.0,2025-02-15T00:00:00Z,daec211cfe940ff0b8c175d9b16010e7
00-0034401,2021,-0.05336602578894543,137,184.0,4.0,2022-02-15T00:00:00Z,daec211cfe940ff0b8c175d9b16010e7
00-0034401,2022,-0.04145579877099741,184,0.0,5.0,2023-02-15T00:00:00Z,daec211cfe940ff0b8c175d9b16010e7
00-0034577,2020,0.021376620315298887,96,107.0,1.0,2021-02-15T00:00:00Z,daec211cfe940ff0b8c175d9b16010e7
00-0034577,2021,0.017845554070272055,22,85.0,2.0,2022-02-15T00:00:00Z,daec211cfe940ff0b8c175d9b16010e7
00-0034577,2022,-0.4849741304115272,85,0.0,3.0,2023-02-15T00:00:00Z,daec211cfe940ff0b8c175d9b16010e7
00-0034771,2020,0.20544833069512147,45,468.0,3.0,2021-02-15T00:00:00Z,daec211cfe940ff0b8c175d9b16010e7
00-0034771,2021,-0.2619485258855497,57,411.0,4.0,2022-02-15T00:00:00Z,daec211cfe940ff0b8c175d9b16010e7
00-0034771,2023,0.04509430642738976,119,292.0,6.0,2024-02-15T00:00:00Z,daec211cfe940ff0b8c175d9b16010e7
00-0034771,2024,-0.02488408455633741,237,55.0,7.0,2025-02-15T00:00:00Z,daec211cfe940ff0b8c175d9b16010e7
00-0034771,2025,0.0683757709121846,55,0.0,8.0,2026-02-15T00:00:00Z,daec211cfe940ff0b8c175d9b16010e7
00-0034796,2020,0.10184603220678996,458,2215.0,3.0,2021-02-15T00:00:00Z,daec211cfe940ff0b8c175d9b16010e7
00-0034796,2021,0.028801164977738897,421,1794.0,4.0,2022-02-15T00:00:00Z,daec211cfe940ff0b8c175d9b16010e7
00-0034796,2022,0.013560259541702112,352,1442.0,5.0,2023-02-15T00:00:00Z,daec211cfe940ff0b8c175d9b16010e7
00-0034796,2023,0.06704531471930542,560,882.0,6.0,2024-02-15T00:00:00Z,daec211cfe940ff0b8c175d9b16010e7
00-0034796,2024,0.32695326416521486,544,338.0,7.0,2025-02-15T00:00:00Z,daec211cfe940ff0b8c175d9b16010e7
00-0034796,2025,0.020305366354103235,338,0.0,8.0,2026-02-15T00:00:00Z,daec211cfe940ff0b8c175d9b16010e7
00-0034855,2020,0.1521709873488857,580,2743.0,3.0,2021-02-15T00:00:00Z,daec211cfe940ff0b8c175d9b16010e7
00-0034855,2021,-0.03271082261346409,462,2281.0,4.0,2022-02-15T00:00:00Z,daec211cfe940ff0b8c175d9b16010e7
00-0034855,2022,-0.15575032512496315,371,1910.0,5.0,2023-02-15T00:00:00Z,daec211cfe940ff0b8c175d9b16010e7
00-0034855,2023,0.07631595299318158,695,1215.0,6.0,2024-02-15T00:00:00Z,daec211cfe940ff0b8c175d9b16010e7
00-0034855,2024,0.1914889291230448,631,584.0,7.0,2025-02-15T00:00:00Z,daec211cfe940ff0b8c175d9b16010e7
00-0034855,2025,-0.005770641820389942,584,0.0,8.0,2026-02-15T00:00:00Z,daec211cfe940ff0b8c175d9b16010e7
00-0034857,2020,0.21912388913464478,728,3274.0,3.0,2021-02-15T00:00:00Z,daec211cfe940ff0b8c175d9b16010e7
00-0034857,2021,0.1575412216423498,740,2534.0,4.0,2022-02-15T00:00:00Z,daec211cfe940ff0b8c175d9b16010e7
00-0034857,2022,0.10994760230171392,689,1845.0,5.0,2023-02-15T00:00:00Z,daec211cfe940ff0b8c175d9b16010e7
00-0034857,2023,0.12298532009363242,675,1170.0,6.0,2024-02-15T00:00:00Z,daec211cfe940ff0b8c175d9b16010e7
00-0034857,2024,0.25900849786083274,586,584.0,7.0,2025-02-15T00:00:00Z,daec211cfe940ff0b8c175d9b16010e7
00-0034857,2025,0.1298842580282989,584,0.0,8.0,2026-02-15T00:00:00Z,daec211cfe940ff0b8c175d9b16010e7
00-0034869,2020,-0.21778835130787433,398,1882.0,3.0,2021-02-15T00:00:00Z,daec211cfe940ff0b8c175d9b16010e7
00-0034869,2021,-0.18621596925722167,442,1440.0,4.0,2022-02-15T00:00:00Z,daec211cfe940ff0b8c175d9b16010e7
00-0034869,2022,0.1484331153417921,147,1293.0,5.0,2023-02-15T00:00:00Z,daec211cfe940ff0b8c175d9b16010e7
00-0034869,2023,-0.002587891807473067,51,1242.0,6.0,2024-02-15T00:00:00Z,daec211cfe940ff0b8c175d9b16010e7
00-0034869,2024,0.01001674981564555,643,599.0,7.0,2025-02-15T00:00:00Z,daec211cfe940ff0b8c175d9b16010e7
00-0034869,2025,0.1448351854335801,599,0.0,8.0,2026-02-15T00:00:00Z,daec211cfe940ff0b8c175d9b16010e7
00-0034899,2020,-0.10205501198583294,47,69.0,1.0,2021-02-15T00:00:00Z,daec211cfe940ff0b8c175d9b16010e7
00-0034899,2022,-0.28621360963615416,69,0.0,3.0,2023-02-15T00:00:00Z,daec211cfe940ff0b8c175d9b16010e7
00-0034955,2020,-0.041112021005376226,41,136.0,1.0,2021-02-15T00:00:00Z,daec211cfe940ff0b8c175d9b16010e7
00-0034955,2022,-0.3044671673310419,96,40.0,3.0,2023-02-15T00:00:00Z,daec211cfe940ff0b8c175d9b16010e7
00-0034955,2023,-0.49313228768533596,40,0.0,4.0,2024-02-15T00:00:00Z,daec211cfe940ff0b8c175d9b16010e7
00-0035040,2022,-0.07661951056312775,63,0.0,1.0,2023-02-15T00:00:00Z,daec211cfe940ff0b8c175d9b16010e7
00-0035100,2023,0.08713461618093646,268,134.0,1.0,2024-02-15T00:00:00Z,daec211cfe940ff0b8c175d9b16010e7
00-0035100,2025,-0.3947049521749235,134,0.0,3.0,2026-02-15T00:00:00Z,daec211cfe940ff0b8c175d9b16010e7
00-0035146,2022,-0.4336786820975087,86,0.0,4.0,2023-02-15T00:00:00Z,daec211cfe940ff0b8c175d9b16010e7
00-0035228,2020,0.028344807209251855,579,2004.0,2.0,2021-02-15T00:00:00Z,daec211cfe940ff0b8c175d9b16010e7
00-0035228,2021,0.06910631451952326,550,1454.0,3.0,2022-02-15T00:00:00Z,daec211cfe940ff0b8c175d9b16010e7
00-0035228,2022,-0.040677014059866845,418,1036.0,4.0,2023-02-15T00:00:00Z,daec211cfe940ff0b8c175d9b16010e7
00-0035228,2023,-0.05723939012837234,289,747.0,5.0,2024-02-15T00:00:00Z,daec211cfe940ff0b8c175d9b16010e7
00-0035228,2024,0.07807556659695479,570,177.0,6.0,2025-02-15T00:00:00Z,daec211cfe940ff0b8c175d9b16010e7
00-0035228,2025,0.032319723874228296,177,0.0,7.0,2026-02-15T00:00:00Z,daec211cfe940ff0b8c175d9b16010e7
00-0035232,2020,-0.16930568053364184,262,0.0,2.0,2021-02-15T00:00:00Z,daec211cfe940ff0b8c175d9b16010e7
00-0035264,2020,-0.39728185123506893,48,197.0,2.0,2021-02-15T00:00:00Z,daec211cfe940ff0b8c175d9b16010e7
00-0035264,2022,-0.05700137879898388,90,107.0,4.0,2023-02-15T00:00:00Z,daec211cfe940ff0b8c175d9b16010e7
00-0035264,2023,0.06922494789048857,73,34.0,5.0,2024-02-15T00:00:00Z,daec211cfe940ff0b8c175d9b16010e7
00-0035264,2025,-0.4568814447954456,34,0.0,7.0,2026-02-15T00:00:00Z,daec211cfe940ff0b8c175d9b16010e7
00-0035282,2023,-0.17165825083881664,187,0.0,5.0,2024-02-15T00:00:00Z,daec211cfe940ff0b8c175d9b16010e7
00-0035289,2020,0.05033877688800011,357,1007.0,2.0,2021-02-15T00:00:00Z,daec211cfe940ff0b8c175d9b16010e7
00-0035289,2021,0.24063026533935208,66,941.0,3.0,2022-02-15T00:00:00Z,daec211cfe940ff0b8c175d9b16010e7
00-0035289,2022,0.0960791846283437,81,860.0,4.0,2023-02-15T00:00:00Z,daec211cfe940ff0b8c175d9b16010e7
00-0035289,2023,-0.01250987960845039,527,333.0,5.0,2024-02-15T00:00:00Z,daec211cfe940ff0b8c175d9b16010e7
00-0035289,2024,-0.13716316091087255,333,0.0,6.0,2025-02-15T00:00:00Z,daec211cfe940ff0b8c175d9b16010e7
00-0035652,2020,-0.5886981504886545,41,0.0,2.0,2021-02-15T00:00:00Z,daec211cfe940ff0b8c175d9b16010e7
00-0035704,2020,-0.10341126110286608,464,395.0,2.0,2021-02-15T00:00:00Z,daec211cfe940ff0b8c175d9b16010e7
00-0035704,2021,-0.07736474306052889,119,276.0,3.0,2022-02-15T00:00:00Z,daec211cfe940ff0b8c175d9b16010e7
00-0035704,2023,-0.019285816760215013,83,193.0,5.0,2024-02-15T00:00:00Z,daec211cfe940ff0b8c175d9b16010e7
00-0035704,2024,-0.2147513635462461,193,0.0,6.0,2025-02-15T00:00:00Z,daec211cfe940ff0b8c175d9b16010e7
00-0035710,2020,-0.07155461795511472,494,1938.0,2.0,2021-02-15T00:00:00Z,daec211cfe940ff0b8c175d9b16010e7
00-0035710,2021,-0.03693472305987743,383,1555.0,3.0,2022-02-15T00:00:00Z,daec211cfe940ff0b8c175d9b16010e7
00-0035710,2022,0.00704795782856534,584,971.0,4.0,2023-02-15T00:00:00Z,daec211cfe940ff0b8c175d9b16010e7
00-0035710,2023,-0.3448203446029144,191,780.0,5.0,2024-02-15T00:00:00Z,daec211cfe940ff0b8c175d9b16010e7
00-0035710,2024,-0.09792195024128614,371,409.0,6.0,2025-02-15T00:00:00Z,daec211cfe940ff0b8c175d9b16010e7
00-0035710,2025,0.13922580484563837,409,0.0,7.0,2026-02-15T00:00:00Z,daec211cfe940ff0b8c175d9b16010e7
00-0035939,2022,-0.480378858158131,39,0.0,1.0,2023-02-15T00:00:00Z,daec211cfe940ff0b8c175d9b16010e7
00-0035993,2021,-0.14761703024160985,205,412.0,1.0,2022-02-15T00:00:00Z,daec211cfe940ff0b8c175d9b16010e7
00-0035993,2022,-0.05739576754816906,148,264.0,2.0,2023-02-15T00:00:00Z,daec211cfe940ff0b8c175d9b16010e7
00-0035993,2023,0.0926940184175768,41,223.0,3.0,2024-02-15T00:00:00Z,daec211cfe940ff0b8c175d9b16010e7
00-0035993,2024,-0.1621437301810416,149,74.0,4.0,2025-02-15T00:00:00Z,daec211cfe940ff0b8c175d9b16010e7
00-0035993,2025,0.03142057509943677,74,0.0,5.0,2026-02-15T00:00:00Z,daec211cfe940ff0b8c175d9b16010e7
00-0036197,2021,-0.5326754659384305,66,0.0,2.0,2022-02-15T00:00:00Z,daec211cfe940ff0b8c175d9b16010e7
00-0036212,2020,-0.06330362916836761,310,2296.0,1.0,2021-02-15T00:00:00Z,daec211cfe940ff0b8c175d9b16010e7
00-0036212,2021,0.051689575274538754,409,1887.0,2.0,2022-02-15T00:00:00Z,daec211cfe940ff0b8c175d9b16010e7
00-0036212,2022,0.21390267127602205,421,1466.0,3.0,2023-02-15T00:00:00Z,daec211cfe940ff0b8c175d9b16010e7
00-0036212,2023,0.15052568390052995,630,836.0,4.0,2024-02-15T00:00:00Z,daec211cfe940ff0b8c175d9b16010e7
00-0036212,2024,0.2033800771908375,421,415.0,5.0,2025-02-15T00:00:00Z,daec211cfe940ff0b8c175d9b16010e7
00-0036212,2025,0.019177144647844476,415,0.0,6.0,2026-02-15T00:00:00Z,daec211cfe940ff0b8c175d9b16010e7
00-0036264,2021,-0.14912139415963468,66,1670.0,2.0,2022-02-15T00:00:00Z,daec211cfe940ff0b8c175d9b16010e7
00-0036264,2022,0.17600141192009805,20,1650.0,3.0,2023-02-15T00:00:00Z,daec211cfe940ff0b8c175d9b16010e7
00-0036264,2023,0.1601594874721833,665,985.0,4.0,2024-02-15T00:00:00Z,daec211cfe940ff0b8c175d9b16010e7
00-0036264,2024,0.09991338925891699,477,508.0,5.0,2025-02-15T00:00:00Z,daec211cfe940ff0b8c175d9b16010e7
00-0036264,2025,0.25329361688930074,508,0.0,6.0,2026-02-15T00:00:00Z,daec211cfe940ff0b8c175d9b16010e7
00-0036312,2020,-0.30617021818365536,118,0.0,1.0,2021-02-15T00:00:00Z,daec211cfe940ff0b8c175d9b16010e7
00-0036355,2020,0.1300650555487291,626,3161.0,1.0,2021-02-15T00:00:00Z,daec211cfe940ff0b8c175d9b16010e7
00-0036355,2021,0.14947211253513704,709,2452.0,2.0,2022-02-15T00:00:00Z,daec211cfe940ff0b8c175d9b16010e7
00-0036355,2022,0.020727896704245595,782,1670.0,3.0,2023-02-15T00:00:00Z,daec211cfe940ff0b8c175d9b16010e7
00-0036355,2023,0.022728640478621446,486,1184.0,4.0,2024-02-15T00:00:00Z,daec211cfe940ff0b8c175d9b16010e7
00-0036355,2024,0.07305890332325238,581,603.0,5.0,2025-02-15T00:00:00Z,daec211cfe940ff0b8c175d9b16010e7
00-0036355,2025,-0.014550451934480395,603,0.0,6.0,2026-02-15T00:00:00Z,daec211cfe940ff0b8c175d9b16010e7
00-0036384,2020,-0.5595794589317965,49,0.0,1.0,2021-02-15T00:00:00Z,daec211cfe940ff0b8c175d9b16010e7
00-0036389,2020,-0.033413432688643024,161,2733.0,1.0,2021-02-15T00:00:00Z,daec211cfe940ff0b8c175d9b16010e7
00-0036389,2021,0.014961732414232152,505,2228.0,2.0,2022-02-15T00:00:00Z,daec211cfe940ff0b8c175d9b16010e7
00-0036389,2022,0.09275793184236156,590,1638.0,3.0,2023-02-15T00:00:00Z,daec211cfe940ff0b8c175d9b16010e7
00-0036389,2023,0.0619836738796634,613,1025.0,4.0,2024-02-15T00:00:00Z,daec211cfe940ff0b8c175d9b16010e7
00-0036389,2024,0.13080556737066662,503,522.0,5.0,2025-02-15T00:00:00Z,daec211cfe940ff0b8c175d9b16010e7
00-0036389,2025,0.04297187840192307,522,0.0,6.0,2026-02-15T00:00:00Z,daec211cfe940ff0b8c175d9b16010e7
00-0036442,2020,0.07909284767647888,433,2869.0,1.0,2021-02-15T00:00:00Z,daec211cfe940ff0b8c175d9b16010e7
00-0036442,2021,0.12224844426606003,732,2137.0,2.0,2022-02-15T00:00:00Z,daec211cfe940ff0b8c175d9b16010e7
00-0036442,2022,0.12397155017626534,770,1367.0,3.0,2023-02-15T00:00:00Z,daec211cfe940ff0b8c175d9b16010e7
00-0036442,2023,0.002584974954088091,388,979.0,4.0,2024-02-15T00:00:00Z,daec211cfe940ff0b8c175d9b16010e7
00-0036442,2024,0.14340122437991612,701,278.0,5.0,2025-02-15T00:00:00Z,daec211cfe940ff0b8c175d9b16010e7
00-0036442,2025,0.09914564058539382,278,0.0,6.0,2026-02-15T00:00:00Z,daec211cfe940ff0b8c175d9b16010e7
00-0036879,2022,-0.3529020223305694,115,0.0,2.0,2023-02-15T00:00:00Z,daec211cfe940ff0b8c175d9b16010e7
00-0036898,2021,-0.11716652578672568,424,760.0,1.0,2022-02-15T00:00:00Z,daec211cfe940ff0b8c175d9b16010e7
00-0036898,2022,-0.14512789453131988,511,249.0,2.0,2023-02-15T00:00:00Z,daec211cfe940ff0b8c175d9b16010e7
00-0036898,2023,-0.1479147512339599,42,207.0,3.0,2024-02-15T00:00:00Z,daec211cfe940ff0b8c175d9b16010e7
00-0036898,2024,-0.2733875337289646,38,169.0,4.0,2025-02-15T00:00:00Z,daec211cfe940ff0b8c175d9b16010e7
00-0036898,2025,-0.09893651943711994,169,0.0,5.0,2026-02-15T00:00:00Z,daec211cfe940ff0b8c175d9b16010e7
00-0036929,2021,-1.0617789263882773,28,0.0,1.0,2022-02-15T00:00:00Z,daec211cfe940ff0b8c175d9b16010e7
00-0036945,2021,-0.21283791431468432,304,1204.0,1.0,2022-02-15T00:00:00Z,daec211cfe940ff0b8c175d9b16010e7
00-0036945,2022,-0.2230273790833356,377,827.0,2.0,2023-02-15T00:00:00Z,daec211cfe940ff0b8c175d9b16010e7
00-0036945,2023,-0.11035075405008564,416,411.0,3.0,2024-02-15T00:00:00Z,daec211cfe940ff0b8c175d9b16010e7
00-0036945,2024,0.00700718016708724,178,233.0,4.0,2025-02-15T00:00:00Z,daec211cfe940ff0b8c175d9b16010e7
00-0036945,2025,-0.0932759394264432,233,0.0,5.0,2026-02-15T00:00:00Z,daec211cfe940ff0b8c175d9b16010e7
00-0036971,2021,-0.11070085050747952,636,2242.0,1.0,2022-02-15T00:00:00Z,daec211cfe940ff0b8c175d9b16010e7
00-0036971,2022,0.10372134694322967,704,1538.0,2.0,2023-02-15T00:00:00Z,daec211cfe940ff0b8c175d9b16010e7
00-0036971,2023,-0.03632060434567099,602,936.0,3.0,2024-02-15T00:00:00Z,daec211cfe940ff0b8c175d9b16010e7
00-0036971,2024,-0.010758889506643242,305,631.0,4.0,2025-02-15T00:00:00Z,daec211cfe940ff0b8c175d9b16010e7
00-0036971,2025,0.05315009285569303,631,0.0,5.0,2026-02-15T00:00:00Z,daec211cfe940ff0b8c175d9b16010e7
00-0036972,2021,0.05924616174830084,590,1433.0,1.0,2022-02-15T00:00:00Z,daec211cfe940ff0b8c175d9b16010e7
00-0036972,2022,-0.08855514321709936,478,955.0,2.0,2023-02-15T00:00:00Z,daec211cfe940ff0b8c175d9b16010e7
00-0036972,2023,-0.1864690376332182,368,587.0,3.0,2024-02-15T00:00:00Z,daec211cfe940ff0b8c175d9b16010e7
00-0036972,2024,-0.019029344570934466,279,308.0,4.0,2025-02-15T00:00:00Z,daec211cfe940ff0b8c175d9b16010e7
00-0036972,2025,0.11646740836563418,308,0.0,5.0,2026-02-15T00:00:00Z,daec211cfe940ff0b8c175d9b16010e7
00-0037012,2021,0.14246569927334826,75,137.0,1.0,2022-02-15T00:00:00Z,daec211cfe940ff0b8c175d9b16010e7
00-0037012,2022,-0.2947185542625977,33,104.0,2.0,2023-02-15T00:00:00Z,daec211cfe940ff0b8c175d9b16010e7
00-0037012,2024,-0.32059344658166167,45,59.0,4.0,2025-02-15T00:00:00Z,daec211cfe940ff0b8c175d9b16010e7
00-0037012,2025,-0.6507301798802074,59,0.0,5.0,2026-02-15T00:00:00Z,daec211cfe940ff0b8c175d9b16010e7
00-0037013,2021,-0.2229324675421892,429,678.0,1.0,2022-02-15T00:00:00Z,daec211cfe940ff0b8c175d9b16010e7
00-0037013,2022,-0.1366454903843779,265,413.0,2.0,2023-02-15T00:00:00Z,daec211cfe940ff0b8c175d9b16010e7
00-0037013,2023,-0.25795502929744646,413,0.0,3.0,2024-02-15T00:00:00Z,daec211cfe940ff0b8c175d9b16010e7
00-0037077,2022,-0.3391720244500942,22,679.0,1.0,2023-02-15T00:00:00Z,daec211cfe940ff0b8c175d9b16010e7
00-0037077,2023,-0.17594991397822513,679,0.0,2.0,2024-02-15T00:00:00Z,daec211cfe940ff0b8c175d9b16010e7
00-0037175,2022,-0.40075896326995886,52,0.0,1.0,2023-02-15T00:00:00Z,daec211cfe940ff0b8c175d9b16010e7
00-0037324,2025,-0.4831882461855918,62,0.0,4.0,2026-02-15T00:00:00Z,daec211cfe940ff0b8c175d9b16010e7
00-0037327,2022,-0.2630941651665332,161,39.0,1.0,2023-02-15T00:00:00Z,daec211cfe940ff0b8c175d9b16010e7
00-0037327,2024,-0.39771859338495175,39,0.0,3.0,2025-02-15T00:00:00Z,daec211cfe940ff0b8c175d9b16010e7
00-0037834,2022,0.23250358325690146,249,1421.0,1.0,2023-02-15T00:00:00Z,daec211cfe940ff0b8c175d9b16010e7
00-0037834,2023,0.27443557152449616,580,841.0,2.0,2024-02-15T00:00:00Z,daec211cfe940ff0b8c175d9b16010e7
00-0037834,2024,0.16229509052075117,482,359.0,3.0,2025-02-15T00:00:00Z,daec211cfe940ff0b8c175d9b16010e7
00-0037834,2025,0.12704721817848197,359,0.0,4.0,2026-02-15T00:00:00Z,daec211cfe940ff0b8c175d9b16010e7
00-0038102,2022,-0.020893022720154288,417,446.0,1.0,2023-02-15T00:00:00Z,daec211cfe940ff0b8c175d9b16010e7
00-0038102,2023,-0.13406576860295008,347,99.0,2.0,2024-02-15T00:00:00Z,daec211cfe940ff0b8c175d9b16010e7
00-0038102,2024,0.015256086148902502,47,52.0,3.0,2025-02-15T00:00:00Z,daec211cfe940ff0b8c175d9b16010e7
00-0038102,2025,-0.5498005653541521,52,0.0,4.0,2026-02-15T00:00:00Z,daec211cfe940ff0b8c175d9b16010e7
00-0038108,2022,0.07841855008807716,98,268.0,1.0,2023-02-15T00:00:00Z,daec211cfe940ff0b8c175d9b16010e7
00-0038108,2023,-0.36556058546249187,236,32.0,2.0,2024-02-15T00:00:00Z,daec211cfe940ff0b8c175d9b16010e7
00-0038108,2024,-0.5265251690125182,32,0.0,3.0,2025-02-15T00:00:00Z,daec211cfe940ff0b8c175d9b16010e7
00-0038122,2022,-0.04965353282862419,124,514.0,1.0,2023-02-15T00:00:00Z,daec211cfe940ff0b8c175d9b16010e7
00-0038122,2023,-0.0919567394188416,420,94.0,2.0,2024-02-15T00:00:00Z,daec211cfe940ff0b8c175d9b16010e7
00-0038122,2024,-0.23412082902424347,94,0.0,3.0,2025-02-15T00:00:00Z,daec211cfe940ff0b8c175d9b16010e7
00-0038128,2022,-0.5470097049467599,71,101.0,1.0,2023-02-15T00:00:00Z,daec211cfe940ff0b8c175d9b16010e7
00-0038128,2024,0.2428514165932915,63,38.0,3.0,2025-02-15T00:00:00Z,daec211cfe940ff0b8c175d9b16010e7
00-0038128,2025,0.7390638180456653,38,0.0,4.0,2026-02-15T00:00:00Z,daec211cfe940ff0b8c175d9b16010e7
00-0038400,2024,0.3122917718361644,47,46.0,2.0,2025-02-15T00:00:00Z,daec211cfe940ff0b8c175d9b16010e7
00-0038400,2025,-0.053520394446926516,46,0.0,3.0,2026-02-15T00:00:00Z,daec211cfe940ff0b8c175d9b16010e7
00-0038416,2023,-0.21659362908330732,149,0.0,1.0,2024-02-15T00:00:00Z,daec211cfe940ff0b8c175d9b16010e7
00-0038476,2023,-0.22940573118579394,215,50.0,1.0,2024-02-15T00:00:00Z,daec211cfe940ff0b8c175d9b16010e7
00-0038476,2024,-0.16017864980618468,50,0.0,2.0,2025-02-15T00:00:00Z,daec211cfe940ff0b8c175d9b16010e7
00-0038579,2023,-0.06031916335251614,367,277.0,1.0,2024-02-15T00:00:00Z,daec211cfe940ff0b8c175d9b16010e7
00-0038579,2024,0.00981102832040314,254,23.0,2.0,2025-02-15T00:00:00Z,daec211cfe940ff0b8c175d9b16010e7
00-0038579,2025,-0.25494313784110345,23,0.0,3.0,2026-02-15T00:00:00Z,daec211cfe940ff0b8c175d9b16010e7
00-0038582,2023,-1.2410551133091627,28,20.0,1.0,2024-02-15T00:00:00Z,daec211cfe940ff0b8c175d9b16010e7
00-0038582,2025,-0.9949672261049273,20,0.0,3.0,2026-02-15T00:00:00Z,daec211cfe940ff0b8c175d9b16010e7
00-0038583,2023,-0.3342976480679448,117,126.0,1.0,2024-02-15T00:00:00Z,daec211cfe940ff0b8c175d9b16010e7
00-0038583,2024,-0.5646122775663297,126,0.0,2.0,2025-02-15T00:00:00Z,daec211cfe940ff0b8c175d9b16010e7
00-0038598,2023,-0.5281684498932232,24,0.0,1.0,2024-02-15T00:00:00Z,daec211cfe940ff0b8c175d9b16010e7
00-0038998,2024,-0.3321884256391364,45,0.0,2.0,2025-02-15T00:00:00Z,daec211cfe940ff0b8c175d9b16010e7
00-0039150,2023,-0.2804916799783361,589,962.0,1.0,2024-02-15T00:00:00Z,daec211cfe940ff0b8c175d9b16010e7
00-0039150,2024,-0.0732497342069132,414,548.0,2.0,2025-02-15T00:00:00Z,daec211cfe940ff0b8c175d9b16010e7
00-0039150,2025,-0.05445305497066914,548,0.0,3.0,2026-02-15T00:00:00Z,daec211cfe940ff0b8c175d9b16010e7
00-0039152,2023,-0.04646224575165692,282,344.0,1.0,2024-02-15T00:00:00Z,daec211cfe940ff0b8c175d9b16010e7
00-0039152,2024,-0.19046201203564467,344,0.0,2.0,2025-02-15T00:00:00Z,daec211cfe940ff0b8c175d9b16010e7
00-0039163,2023,0.10795595280974679,588,1186.0,1.0,2024-02-15T00:00:00Z,daec211cfe940ff0b8c175d9b16010e7
00-0039163,2024,-0.025885828114678166,655,531.0,2.0,2025-02-15T00:00:00Z,daec211cfe940ff0b8c175d9b16010e7
00-0039163,2025,0.029775821164591713,531,0.0,3.0,2026-02-15T00:00:00Z,daec211cfe940ff0b8c175d9b16010e7
00-0039164,2023,0.0175579413220208,93,277.0,1.0,2024-02-15T00:00:00Z,daec211cfe940ff0b8c175d9b16010e7
00-0039164,2024,-0.15934685545179322,277,0.0,2.0,2025-02-15T00:00:00Z,daec211cfe940ff0b8c175d9b16010e7
00-0039376,2024,-0.3391495238594703,250,272.0,1.0,2025-02-15T00:00:00Z,daec211cfe940ff0b8c175d9b16010e7
00-0039376,2025,-0.13185304303936313,272,0.0,2.0,2026-02-15T00:00:00Z,daec211cfe940ff0b8c175d9b16010e7
00-0039398,2024,0.40657641833655367,29,24.0,1.0,2025-02-15T00:00:00Z,daec211cfe940ff0b8c175d9b16010e7
00-0039398,2025,0.02654301500929083,24,0.0,2.0,2026-02-15T00:00:00Z,daec211cfe940ff0b8c175d9b16010e7
00-0039732,2024,0.01655917933349155,615,684.0,1.0,2025-02-15T00:00:00Z,daec211cfe940ff0b8c175d9b16010e7
00-0039732,2025,0.08974724032387162,684,0.0,2.0,2026-02-15T00:00:00Z,daec211cfe940ff0b8c175d9b16010e7
00-0039851,2024,-0.08385738799991534,374,681.0,1.0,2025-02-15T00:00:00Z,daec211cfe940ff0b8c175d9b16010e7
00-0039851,2025,0.1751481249817407,681,0.0,2.0,2026-02-15T00:00:00Z,daec211cfe940ff0b8c175d9b16010e7
00-0039910,2024,0.11558989788144547,648,204.0,1.0,2025-02-15T00:00:00Z,daec211cfe940ff0b8c175d9b16010e7
00-0039910,2025,-0.028900627724275204,204,0.0,2.0,2026-02-15T00:00:00Z,daec211cfe940ff0b8c175d9b16010e7
00-0039917,2024,0.13351483442346285,109,290.0,1.0,2025-02-15T00:00:00Z,daec211cfe940ff0b8c175d9b16010e7
00-0039917,2025,-0.003842458850788287,290,0.0,2.0,2026-02-15T00:00:00Z,daec211cfe940ff0b8c175d9b16010e7
00-0039918,2024,-0.08899852737487557,636,686.0,1.0,2025-02-15T00:00:00Z,daec211cfe940ff0b8c175d9b16010e7
00-0039918,2025,0.08191871260351415,686,0.0,2.0,2026-02-15T00:00:00Z,daec211cfe940ff0b8c175d9b16010e7
00-0039923,2025,-0.1981901640415154,273,0.0,2.0,2026-02-15T00:00:00Z,daec211cfe940ff0b8c175d9b16010e7
00-0040206,2025,-0.21720499000065469,70,0.0,1.0,2026-02-15T00:00:00Z,daec211cfe940ff0b8c175d9b16010e7
00-0040234,2025,-0.061012535094627354,91,0.0,1.0,2026-02-15T00:00:00Z,daec211cfe940ff0b8c175d9b16010e7
00-0040398,2025,-0.395051217699571,173,0.0,1.0,2026-02-15T00:00:00Z,daec211cfe940ff0b8c175d9b16010e7
00-0040494,2025,-0.688710110673325,85,0.0,1.0,2026-02-15T00:00:00Z,daec211cfe940ff0b8c175d9b16010e7
00-0040668,2025,-0.2988679217050534,235,0.0,1.0,2026-02-15T00:00:00Z,daec211cfe940ff0b8c175d9b16010e7
00-0040676,2025,-0.19175779303877188,592,0.0,1.0,2026-02-15T00:00:00Z,daec211cfe940ff0b8c175d9b16010e7
00-0040691,2025,-0.020801507936533688,375,0.0,1.0,2026-02-15T00:00:00Z,daec211cfe940ff0b8c175d9b16010e7
00-0040704,2025,-0.2197832282949481,204,0.0,1.0,2026-02-15T00:00:00Z,daec211cfe940ff0b8c175d9b16010e7
00-0040743,2025,-0.0281048233450344,356,0.0,1.0,2026-02-15T00:00:00Z,daec211cfe940ff0b8c175d9b16010e7
