team_id,player_id,starter_probability,as_of_utc,source,season,needs_human_review,source_manifest_hash
ARI,00-0035228,0.9682274247491639,2021-02-15T00:00:00Z,historical_dropback_share,2020,False,daec211cfe940ff0b8c175d9b16010e7
ARI,00-0027688,0.15695067264573992,2022-02-15T00:00:00Z,historical_dropback_share,2021,False,daec211cfe940ff0b8c175d9b16010e7
ARI,00-0035228,0.8221225710014948,2022-02-15T00:00:00Z,historical_dropback_share,2021,False,daec211cfe940ff0b8c175d9b16010e7
ARI,00-0027688,0.20336605890603085,2023-02-15T00:00:00Z,historical_dropback_share,2022,False,daec211cfe940ff0b8c175d9b16010e7
ARI,00-0035146,0.12061711079943899,2023-02-15T00:00:00Z,historical_dropback_share,2022,False,daec211cfe940ff0b8c175d9b16010e7
ARI,00-0035228,0.5862552594670407,2023-02-15T00:00:00Z,historical_dropback_share,2022,False,daec211cfe940ff0b8c175d9b16010e7
ARI,00-0033949,0.473421926910299,2024-02-15T00:00:00Z,historical_dropback_share,2023,False,daec211cfe940ff0b8c175d9b16010e7
ARI,00-0035228,0.48006644518272423,2024-02-15T00:00:00Z,historical_dropback_share,2023,False,daec211cfe940ff0b8c175d9b16010e7
ARI,00-0035228,0.9965034965034965,2025-02-15T00:00:00Z,historical_dropback_share,2024,False,daec211cfe940ff0b8c175d9b16010e7
ARI,00-0033119,0.7464788732394366,2026-02-15T00:00:00Z,historical_dropback_share,2025,False,daec211cfe940ff0b8c175d9b16010e7
ARI,00-0035228,0.24929577464788732,2026-02-15T00:00:00Z,historical_dropback_share,2025,False,daec211cfe940ff0b8c175d9b16010e7
ATL,00-0026143,0.9970193740685543,2021-02-15T00:00:00Z,historical_dropback_share,2020,False,daec211cfe940ff0b8c175d9b16010e7
ATL,00-0026143,0.9788273615635179,2022-02-15T00:00:00Z,historical_dropback_share,2021,False,daec211cfe940ff0b8c175d9b16010e7
ATL,00-0032268,0.7244444444444444,2023-02-15T00:00:00Z,historical_dropback_share,2022,False,daec211cfe940ff0b8c175d9b16010e7
ATL,00-0038122,0.27555555555555555,2023-02-15T00:00:00Z,historical_dropback_share,2022,False,daec211cfe940ff0b8c175d9b16010e7
ATL,00-0031800,0.24956063268892795,2024-02-15T00:00:00Z,historical_dropback_share,2023,False,daec211cfe940ff0b8c175d9b16010e7
ATL,00-0038122,0.7381370826010545,2024-02-15T00:00:00Z,historical_dropback_share,2023,False,daec211cfe940ff0b8c175d9b16010e7
ATL,00-0029604,0.8115449915110357,2025-02-15T00:00:00Z,historical_dropback_share,2024,False,daec211cfe940ff0b8c175d9b16010e7
ATL,00-0039917,0.18505942275042445,2025-02-15T00:00:00Z,historical_dropback_share,2024,False,daec211cfe940ff0b8c175d9b16010e7
ATL,00-0029604,0.4921190893169877,2026-02-15T00:00:00Z,historical_dropback_share,2025,False,daec211cfe940ff0b8c175d9b16010e7
ATL,00-0039917,0.5078809106830122,2026-02-15T00:00:00Z,historical_dropback_share,2025,False,daec211cfe940ff0b8c175d9b16010e7
BAL,00-0034796,0.906930693069307,2021-02-15T00:00:00Z,historical_dropback_share,2020,False,daec211cfe940ff0b8c175d9b16010e7
BAL,00-0034796,0.6302395209580839,2022-02-15T00:00:00Z,historical_dropback_share,2021,False,daec211cfe940ff0b8c175d9b16010e7
BAL,00-0035993,0.3068862275449102,2022-02-15T00:00:00Z,historical_dropback_share,2021,False,daec211cfe940ff0b8c175d9b16010e7
BAL,00-0034796,0.6365280289330922,2023-02-15T00:00:00Z,historical_dropback_share,2022,False,daec211cfe940ff0b8c175d9b16010e7
BAL,00-0035993,0.26763110307414106,2023-02-15T00:00:00Z,historical_dropback_share,2022,False,daec211cfe940ff0b8c175d9b16010e7
BAL,00-0034796,0.9317803660565723,2024-02-15T00:00:00Z,historical_dropback_share,2023,False,daec211cfe940ff0b8c175d9b16010e7
BAL,00-0034796,0.9927007299270073,2025-02-15T00:00:00Z,historical_dropback_share,2024,False,daec211cfe940ff0b8c175d9b16010e7
BAL,00-0033662,0.11373390557939914,2026-02-15T00:00:00Z,historical_dropback_share,2025,False,daec211cfe940ff0b8c175d9b16010e7
BAL,00-0034796,0.7253218884120172,2026-02-15T00:00:00Z,historical_dropback_share,2025,False,daec211cfe940ff0b8c175d9b16010e7
BAL,00-0035993,0.15879828326180256,2026-02-15T00:00:00Z,historical_dropback_share,2025,False,daec211cfe940ff0b8c175d9b16010e7
BUF,00-0034857,0.9667994687915007,2021-02-15T00:00:00Z,historical_dropback_share,2020,False,daec211cfe940ff0b8c175d9b16010e7
BUF,00-0034857,0.9853528628495339,2022-02-15T00:00:00Z,historical_dropback_share,2021,False,daec211cfe940ff0b8c175d9b16010e7
BUF,00-0034857,0.9899425287356322,2023-02-15T00:00:00Z,historical_dropback_share,2022,False,daec211cfe940ff0b8c175d9b16010e7
BUF,00-0034857,1.0,2024-02-15T00:00:00Z,historical_dropback_share,2023,False,daec211cfe940ff0b8c175d9b16010e7
BUF,00-0034857,0.9406099518459069,2025-02-15T00:00:00Z,historical_dropback_share,2024,False,daec211cfe940ff0b8c175d9b16010e7
BUF,00-0034857,0.9404186795491143,2026-02-15T00:00:00Z,historical_dropback_share,2025,False,daec211cfe940ff0b8c175d9b16010e7
CAR,00-0031237,0.8924914675767918,2021-02-15T00:00:00Z,historical_dropback_share,2020,False,daec211cfe940ff0b8c175d9b16010e7
CAR,00-0033275,0.10238907849829351,2021-02-15T00:00:00Z,historical_dropback_share,2020,False,daec211cfe940ff0b8c175d9b16010e7
CAR,00-0027939,0.20980091883614088,2022-02-15T00:00:00Z,historical_dropback_share,2021,False,daec211cfe940ff0b8c175d9b16010e7
CAR,00-0033275,0.11179173047473201,2022-02-15T00:00:00Z,historical_dropback_share,2021,False,daec211cfe940ff0b8c175d9b16010e7
CAR,00-0034869,0.6768759571209801,2022-02-15T00:00:00Z,historical_dropback_share,2021,False,daec211cfe940ff0b8c175d9b16010e7
CAR,00-0033275,0.23014256619144602,2023-02-15T00:00:00Z,historical_dropback_share,2022,False,daec211cfe940ff0b8c175d9b16010e7
CAR,00-0034855,0.46028513238289204,2023-02-15T00:00:00Z,historical_dropback_share,2022,False,daec211cfe940ff0b8c175d9b16010e7
CAR,00-0034869,0.29938900203665986,2023-02-15T00:00:00Z,historical_dropback_share,2022,False,daec211cfe940ff0b8c175d9b16010e7
CAR,00-0039150,0.9047619047619048,2024-02-15T00:00:00Z,historical_dropback_share,2023,False,daec211cfe940ff0b8c175d9b16010e7
CAR,00-0027973,0.28717948717948716,2025-02-15T00:00:00Z,historical_dropback_share,2024,False,daec211cfe940ff0b8c175d9b16010e7
CAR,00-0039150,0.7076923076923077,2025-02-15T00:00:00Z,historical_dropback_share,2024,False,daec211cfe940ff0b8c175d9b16010e7
CAR,00-0039150,0.924114671163575,2026-02-15T00:00:00Z,historical_dropback_share,2025,False,daec211cfe940ff0b8c175d9b16010e7
CHI,00-0029567,0.4852941176470588,2021-02-15T00:00:00Z,historical_dropback_share,2020,False,daec211cfe940ff0b8c175d9b16010e7
CHI,00-0033869,0.5088235294117647,2021-02-15T00:00:00Z,historical_dropback_share,2020,False,daec211cfe940ff0b8c175d9b16010e7
CHI,00-0027973,0.4259567387687188,2022-02-15T00:00:00Z,historical_dropback_share,2021,False,daec211cfe940ff0b8c175d9b16010e7
CHI,00-0036945,0.5058236272878536,2022-02-15T00:00:00Z,historical_dropback_share,2021,False,daec211cfe940ff0b8c175d9b16010e7
CHI,00-0036945,0.8587699316628702,2023-02-15T00:00:00Z,historical_dropback_share,2022,False,daec211cfe940ff0b8c175d9b16010e7
CHI,00-0036945,0.734982332155477,2024-02-15T00:00:00Z,historical_dropback_share,2023,False,daec211cfe940ff0b8c175d9b16010e7
CHI,00-0038416,0.26325088339222613,2024-02-15T00:00:00Z,historical_dropback_share,2023,False,daec211cfe940ff0b8c175d9b16010e7
CHI,00-0039918,0.99375,2025-02-15T00:00:00Z,historical_dropback_share,2024,False,daec211cfe940ff0b8c175d9b16010e7
CHI,00-0039918,0.9913294797687862,2026-02-15T00:00:00Z,historical_dropback_share,2025,False,daec211cfe940ff0b8c175d9b16010e7
CIN,00-0032434,0.2380191693290735,2021-02-15T00:00:00Z,historical_dropback_share,2020,False,daec211cfe940ff0b8c175d9b16010e7
CIN,00-0036442,0.6916932907348243,2021-02-15T00:00:00Z,historical_dropback_share,2020,False,daec211cfe940ff0b8c175d9b16010e7
CIN,00-0036442,0.9481865284974094,2022-02-15T00:00:00Z,historical_dropback_share,2021,False,daec211cfe940ff0b8c175d9b16010e7
CIN,00-0036442,0.990990990990991,2023-02-15T00:00:00Z,historical_dropback_share,2022,False,daec211cfe940ff0b8c175d9b16010e7
CIN,00-0035100,0.4030075187969925,2024-02-15T00:00:00Z,historical_dropback_share,2023,False,daec211cfe940ff0b8c175d9b16010e7
CIN,00-0036442,0.5834586466165413,2024-02-15T00:00:00Z,historical_dropback_share,2023,False,daec211cfe940ff0b8c175d9b16010e7
CIN,00-0036442,1.0,2025-02-15T00:00:00Z,historical_dropback_share,2024,False,daec211cfe940ff0b8c175d9b16010e7
CIN,00-0026158,0.38995568685376664,2026-02-15T00:00:00Z,historical_dropback_share,2025,False,daec211cfe940ff0b8c175d9b16010e7
CIN,00-0035100,0.19793205317577547,2026-02-15T00:00:00Z,historical_dropback_share,2025,False,daec211cfe940ff0b8c175d9b16010e7
CIN,00-0036442,0.41063515509601184,2026-02-15T00:00:00Z,historical_dropback_share,2025,False,daec211cfe940ff0b8c175d9b16010e7
CLE,00-0034855,0.9747899159663865,2021-02-15T00:00:00Z,historical_dropback_share,2020,False,daec211cfe940ff0b8c175d9b16010e7
CLE,00-0028986,0.13532513181019332,2022-02-15T00:00:00Z,historical_dropback_share,2021,False,daec211cfe940ff0b8c175d9b16010e7
CLE,00-0034855,0.81195079086116,2022-02-15T00:00:00Z,historical_dropback_share,2021,False,daec211cfe940ff0b8c175d9b16010e7
CLE,00-0033119,0.6741379310344827,2023-02-15T00:00:00Z,historical_dropback_share,2022,False,daec211cfe940ff0b8c175d9b16010e7
CLE,00-0033537,0.32413793103448274,2023-02-15T00:00:00Z,historical_dropback_share,2022,False,daec211cfe940ff0b8c175d9b16010e7
CLE,00-0026158,0.3668061366806137,2024-02-15T00:00:00Z,historical_dropback_share,2023,False,daec211cfe940ff0b8c175d9b16010e7
CLE,00-0033275,0.16875871687587168,2024-02-15T00:00:00Z,historical_dropback_share,2023,False,daec211cfe940ff0b8c175d9b16010e7
CLE,00-0033537,0.2608089260808926,2024-02-15T00:00:00Z,historical_dropback_share,2023,False,daec211cfe940ff0b8c175d9b16010e7
CLE,00-0038583,0.16317991631799164,2024-02-15T00:00:00Z,historical_dropback_share,2023,False,daec211cfe940ff0b8c175d9b16010e7
CLE,00-0031503,0.444141689373297,2025-02-15T00:00:00Z,historical_dropback_share,2024,False,daec211cfe940ff0b8c175d9b16010e7
CLE,00-0033537,0.3405994550408719,2025-02-15T00:00:00Z,historical_dropback_share,2024,False,daec211cfe940ff0b8c175d9b16010e7
CLE,00-0038583,0.17166212534059946,2025-02-15T00:00:00Z,historical_dropback_share,2024,False,daec211cfe940ff0b8c175d9b16010e7
CLE,00-0026158,0.27586206896551724,2026-02-15T00:00:00Z,historical_dropback_share,2025,False,daec211cfe940ff0b8c175d9b16010e7
CLE,00-0040668,0.38587848932676516,2026-02-15T00:00:00Z,historical_dropback_share,2025,False,daec211cfe940ff0b8c175d9b16010e7
CLE,00-0040704,0.33497536945812806,2026-02-15T00:00:00Z,historical_dropback_share,2025,False,daec211cfe940ff0b8c175d9b16010e7
DAL,00-0027973,0.5234604105571847,2021-02-15T00:00:00Z,historical_dropback_share,2020,False,daec211cfe940ff0b8c175d9b16010e7
DAL,00-0033077,0.3416422287390029,2021-02-15T00:00:00Z,historical_dropback_share,2020,False,daec211cfe940ff0b8c175d9b16010e7
DAL,00-0033077,0.9249658935879945,2022-02-15T00:00:00Z,historical_dropback_share,2021,False,daec211cfe940ff0b8c175d9b16010e7
DAL,00-0033077,0.7419847328244275,2023-02-15T00:00:00Z,historical_dropback_share,2022,False,daec211cfe940ff0b8c175d9b16010e7
DAL,00-0033662,0.2564885496183206,2023-02-15T00:00:00Z,historical_dropback_share,2022,False,daec211cfe940ff0b8c175d9b16010e7
DAL,00-0033077,0.9639389736477115,2024-02-15T00:00:00Z,historical_dropback_share,2023,False,daec211cfe940ff0b8c175d9b16010e7
DAL,00-0033077,0.45481481481481484,2025-02-15T00:00:00Z,historical_dropback_share,2024,False,daec211cfe940ff0b8c175d9b16010e7
DAL,00-0033662,0.47555555555555556,2025-02-15T00:00:00Z,historical_dropback_share,2024,False,daec211cfe940ff0b8c175d9b16010e7
DAL,00-0033077,0.963302752293578,2026-02-15T00:00:00Z,historical_dropback_share,2025,False,daec211cfe940ff0b8c175d9b16010e7
DEN,00-0032436,0.12859560067681894,2021-02-15T00:00:00Z,historical_dropback_share,2020,False,daec211cfe940ff0b8c175d9b16010e7
DEN,00-0035704,0.7851099830795262,2021-02-15T00:00:00Z,historical_dropback_share,2020,False,daec211cfe940ff0b8c175d9b16010e7
DEN,00-0031237,0.7890222984562607,2022-02-15T00:00:00Z,historical_dropback_share,2021,False,daec211cfe940ff0b8c175d9b16010e7
DEN,00-0035704,0.20411663807890223,2022-02-15T00:00:00Z,historical_dropback_share,2021,False,daec211cfe940ff0b8c175d9b16010e7
DEN,00-0029263,0.8485804416403786,2023-02-15T00:00:00Z,historical_dropback_share,2022,False,daec211cfe940ff0b8c175d9b16010e7
DEN,00-0034955,0.15141955835962145,2023-02-15T00:00:00Z,historical_dropback_share,2022,False,daec211cfe940ff0b8c175d9b16010e7
DEN,00-0029263,0.8705673758865248,2024-02-15T00:00:00Z,historical_dropback_share,2023,False,daec211cfe940ff0b8c175d9b16010e7
DEN,00-0035264,0.12943262411347517,2024-02-15T00:00:00Z,historical_dropback_share,2023,False,daec211cfe940ff0b8c175d9b16010e7
DEN,00-0039732,0.9935379644588045,2025-02-15T00:00:00Z,historical_dropback_share,2024,False,daec211cfe940ff0b8c175d9b16010e7
DEN,00-0039732,0.95,2026-02-15T00:00:00Z,historical_dropback_share,2025,False,daec211cfe940ff0b8c175d9b16010e7
DET,00-0026498,0.9080645161290323,2021-02-15T00:00:00Z,historical_dropback_share,2020,False,daec211cfe940ff0b8c175d9b16010e7
DET,00-0033106,0.8396825396825397,2022-02-15T00:00:00Z,historical_dropback_share,2021,False,daec211cfe940ff0b8c175d9b16010e7
DET,00-0034177,0.15079365079365079,2022-02-15T00:00:00Z,historical_dropback_share,2021,False,daec211cfe940ff0b8c175d9b16010e7
DET,00-0033106,0.9967320261437909,2023-02-15T00:00:00Z,historical_dropback_share,2022,False,daec211cfe940ff0b8c175d9b16010e7
DET,00-0033106,0.9973544973544973,2024-02-15T00:00:00Z,historical_dropback_share,2023,False,daec211cfe940ff0b8c175d9b16010e7
DET,00-0033106,0.9727564102564102,2025-02-15T00:00:00Z,historical_dropback_share,2024,False,daec211cfe940ff0b8c175d9b16010e7
DET,00-0033106,0.9919224555735057,2026-02-15T00:00:00Z,historical_dropback_share,2025,False,daec211cfe940ff0b8c175d9b16010e7
GB,00-0023459,0.9968553459119497,2021-02-15T00:00:00Z,historical_dropback_share,2020,False,daec211cfe940ff0b8c175d9b16010e7
GB,00-0023459,0.8996960486322189,2022-02-15T00:00:00Z,historical_dropback_share,2021,False,daec211cfe940ff0b8c175d9b16010e7
GB,00-0036264,0.10030395136778116,2022-02-15T00:00:00Z,historical_dropback_share,2021,False,daec211cfe940ff0b8c175d9b16010e7
GB,00-0023459,0.9663865546218487,2023-02-15T00:00:00Z,historical_dropback_share,2022,False,daec211cfe940ff0b8c175d9b16010e7
GB,00-0036264,0.9955089820359282,2024-02-15T00:00:00Z,historical_dropback_share,2023,False,daec211cfe940ff0b8c175d9b16010e7
GB,00-0036264,0.8833333333333333,2025-02-15T00:00:00Z,historical_dropback_share,2024,False,daec211cfe940ff0b8c175d9b16010e7
GB,00-0038128,0.11666666666666667,2025-02-15T00:00:00Z,historical_dropback_share,2024,False,daec211cfe940ff0b8c175d9b16010e7
GB,00-0036264,0.8975265017667845,2026-02-15T00:00:00Z,historical_dropback_share,2025,False,daec211cfe940ff0b8c175d9b16010e7
HOU,00-0033537,0.9949832775919732,2021-02-15T00:00:00Z,historical_dropback_share,2020,False,daec211cfe940ff0b8c175d9b16010e7
HOU,00-0028118,0.2755102040816326,2022-02-15T00:00:00Z,historical_dropback_share,2021,False,daec211cfe940ff0b8c175d9b16010e7
HOU,00-0036898,0.7210884353741497,2022-02-15T00:00:00Z,historical_dropback_share,2021,False,daec211cfe940ff0b8c175d9b16010e7
HOU,00-0034577,0.13709677419354838,2023-02-15T00:00:00Z,historical_dropback_share,2022,False,daec211cfe940ff0b8c175d9b16010e7
HOU,00-0036898,0.8241935483870968,2023-02-15T00:00:00Z,historical_dropback_share,2022,False,daec211cfe940ff0b8c175d9b16010e7
HOU,00-0039163,0.8509406657018813,2024-02-15T00:00:00Z,historical_dropback_share,2023,False,daec211cfe940ff0b8c175d9b16010e7
HOU,00-0039163,0.9424460431654677,2025-02-15T00:00:00Z,historical_dropback_share,2024,False,daec211cfe940ff0b8c175d9b16010e7
HOU,00-0036898,0.24142857142857144,2026-02-15T00:00:00Z,historical_dropback_share,2025,False,daec211cfe940ff0b8c175d9b16010e7
HOU,00-0039163,0.7585714285714286,2026-02-15T00:00:00Z,historical_dropback_share,2025,False,daec211cfe940ff0b8c175d9b16010e7
IND,00-0022942,0.9822294022617124,2021-02-15T00:00:00Z,historical_dropback_share,2020,False,daec211cfe940ff0b8c175d9b16010e7
IND,00-0032950,0.9910233393177738,2022-02-15T00:00:00Z,historical_dropback_share,2021,False,daec211cfe940ff0b8c175d9b16010e7
IND,00-0026143,0.7526236881559221,2023-02-15T00:00:00Z,historical_dropback_share,2022,False,daec211cfe940ff0b8c175d9b16010e7
IND,00-0036879,0.1724137931034483,2023-02-15T00:00:00Z,historical_dropback_share,2022,False,daec211cfe940ff0b8c175d9b16010e7
IND,00-0035289,0.85,2024-02-15T00:00:00Z,historical_dropback_share,2023,False,daec211cfe940ff0b8c175d9b16010e7
IND,00-0039164,0.15,2024-02-15T00:00:00Z,historical_dropback_share,2023,False,daec211cfe940ff0b8c175d9b16010e7
IND,00-0026158,0.48990825688073397,2025-02-15T00:00:00Z,historical_dropback_share,2024,False,daec211cfe940ff0b8c175d9b16010e7
IND,00-0039164,0.5082568807339449,2025-02-15T00:00:00Z,historical_dropback_share,2024,False,daec211cfe940ff0b8c175d9b16010e7
IND,00-0022942,0.16724137931034483,2026-02-15T00:00:00Z,historical_dropback_share,2025,False,daec211cfe940ff0b8c175d9b16010e7
IND,00-0035710,0.7051724137931035,2026-02-15T00:00:00Z,historical_dropback_share,2025,False,daec211cfe940ff0b8c175d9b16010e7
IND,00-0040206,0.1206896551724138,2026-02-15T00:00:00Z,historical_dropback_share,2025,False,daec211cfe940ff0b8c175d9b16010e7
JAX,00-0030520,0.28421052631578947,2021-02-15T00:00:00Z,historical_dropback_share,2020,False,daec211cfe940ff0b8c175d9b16010e7
JAX,00-0035289,0.5368421052631579,2021-02-15T00:00:00Z,historical_dropback_share,2020,False,daec211cfe940ff0b8c175d9b16010e7
JAX,00-0036312,0.1774436090225564,2021-02-15T00:00:00Z,historical_dropback_share,2020,False,daec211cfe940ff0b8c175d9b16010e7
JAX,00-0036971,0.9968652037617555,2022-02-15T00:00:00Z,historical_dropback_share,2021,False,daec211cfe940ff0b8c175d9b16010e7
JAX,00-0036971,0.9818688981868898,2023-02-15T00:00:00Z,historical_dropback_share,2022,False,daec211cfe940ff0b8c175d9b16010e7
JAX,00-0036971,0.9052631578947369,2024-02-15T00:00:00Z,historical_dropback_share,2023,False,daec211cfe940ff0b8c175d9b16010e7
JAX,00-0036971,0.5222602739726028,2025-02-15T00:00:00Z,historical_dropback_share,2024,False,daec211cfe940ff0b8c175d9b16010e7
JAX,00-0036972,0.4777397260273973,2025-02-15T00:00:00Z,historical_dropback_share,2024,False,daec211cfe940ff0b8c175d9b16010e7
JAX,00-0036971,0.9952681388012619,2026-02-15T00:00:00Z,historical_dropback_share,2025,False,daec211cfe940ff0b8c175d9b16010e7
KC,00-0033873,0.932484076433121,2021-02-15T00:00:00Z,historical_dropback_share,2020,False,daec211cfe940ff0b8c175d9b16010e7
KC,00-0033873,0.9784688995215312,2022-02-15T00:00:00Z,historical_dropback_share,2021,False,daec211cfe940ff0b8c175d9b16010e7
KC,00-0033873,0.9873417721518988,2023-02-15T00:00:00Z,historical_dropback_share,2022,False,daec211cfe940ff0b8c175d9b16010e7
KC,00-0033873,0.9521472392638037,2024-02-15T00:00:00Z,historical_dropback_share,2023,False,daec211cfe940ff0b8c175d9b16010e7
KC,00-0033873,0.967479674796748,2025-02-15T00:00:00Z,historical_dropback_share,2024,False,daec211cfe940ff0b8c175d9b16010e7
KC,00-0033873,0.8510301109350238,2026-02-15T00:00:00Z,historical_dropback_share,2025,False,daec211cfe940ff0b8c175d9b16010e7
LA,00-0033106,0.93026706231454,2021-02-15T00:00:00Z,historical_dropback_share,2020,False,daec211cfe940ff0b8c175d9b16010e7
LA,00-0026498,0.9873417721518988,2022-02-15T00:00:00Z,historical_dropback_share,2021,False,daec211cfe940ff0b8c175d9b16010e7
LA,00-0026498,0.564625850340136,2023-02-15T00:00:00Z,historical_dropback_share,2022,False,daec211cfe940ff0b8c175d9b16010e7
LA,00-0034855,0.2465986394557823,2023-02-15T00:00:00Z,historical_dropback_share,2022,False,daec211cfe940ff0b8c175d9b16010e7
LA,00-0034899,0.11734693877551021,2023-02-15T00:00:00Z,historical_dropback_share,2022,False,daec211cfe940ff0b8c175d9b16010e7
LA,00-0026498,0.8964992389649924,2024-02-15T00:00:00Z,historical_dropback_share,2023,False,daec211cfe940ff0b8c175d9b16010e7
LA,00-0026498,0.9313432835820895,2025-02-15T00:00:00Z,historical_dropback_share,2024,False,daec211cfe940ff0b8c175d9b16010e7
LA,00-0026498,1.0,2026-02-15T00:00:00Z,historical_dropback_share,2025,False,daec211cfe940ff0b8c175d9b16010e7
LAC,00-0036355,0.9484848484848485,2021-02-15T00:00:00Z,historical_dropback_share,2020,False,daec211cfe940ff0b8c175d9b16010e7
LAC,00-0036355,0.9957865168539326,2022-02-15T00:00:00Z,historical_dropback_share,2021,False,daec211cfe940ff0b8c175d9b16010e7
LAC,00-0036355,0.9824120603015075,2023-02-15T00:00:00Z,historical_dropback_share,2022,False,daec211cfe940ff0b8c175d9b16010e7
LAC,00-0035282,0.277037037037037,2024-02-15T00:00:00Z,historical_dropback_share,2023,False,daec211cfe940ff0b8c175d9b16010e7
LAC,00-0036355,0.72,2024-02-15T00:00:00Z,historical_dropback_share,2023,False,daec211cfe940ff0b8c175d9b16010e7
LAC,00-0036355,0.9847457627118644,2025-02-15T00:00:00Z,historical_dropback_share,2024,False,daec211cfe940ff0b8c175d9b16010e7
LAC,00-0036355,0.9108761329305136,2026-02-15T00:00:00Z,historical_dropback_share,2025,False,daec211cfe940ff0b8c175d9b16010e7
LV,00-0031280,0.9391304347826087,2021-02-15T00:00:00Z,historical_dropback_share,2020,False,daec211cfe940ff0b8c175d9b16010e7
LV,00-0031280,0.9972375690607734,2022-02-15T00:00:00Z,historical_dropback_share,2021,False,daec211cfe940ff0b8c175d9b16010e7
LV,00-0031280,0.8525641025641025,2023-02-15T00:00:00Z,historical_dropback_share,2022,False,daec211cfe940ff0b8c175d9b16010e7
LV,00-0035264,0.14423076923076922,2023-02-15T00:00:00Z,historical_dropback_share,2022,False,daec211cfe940ff0b8c175d9b16010e7
LV,00-0031345,0.3065326633165829,2024-02-15T00:00:00Z,historical_dropback_share,2023,False,daec211cfe940ff0b8c175d9b16010e7
LV,00-0038579,0.6147403685092128,2024-02-15T00:00:00Z,historical_dropback_share,2023,False,daec211cfe940ff0b8c175d9b16010e7
LV,00-0035289,0.48755490483162517,2025-02-15T00:00:00Z,historical_dropback_share,2024,False,daec211cfe940ff0b8c175d9b16010e7
LV,00-0038122,0.1376281112737921,2025-02-15T00:00:00Z,historical_dropback_share,2024,False,daec211cfe940ff0b8c175d9b16010e7
LV,00-0038579,0.3718887262079063,2025-02-15T00:00:00Z,historical_dropback_share,2024,False,daec211cfe940ff0b8c175d9b16010e7
LV,00-0030565,0.870242214532872,2026-02-15T00:00:00Z,historical_dropback_share,2025,False,daec211cfe940ff0b8c175d9b16010e7
MIA,00-0023682,0.47474747474747475,2021-02-15T00:00:00Z,historical_dropback_share,2020,False,daec211cfe940ff0b8c175d9b16010e7
MIA,00-0036212,0.5218855218855218,2021-02-15T00:00:00Z,historical_dropback_share,2020,False,daec211cfe940ff0b8c175d9b16010e7
MIA,00-0033119,0.3719512195121951,2022-02-15T00:00:00Z,historical_dropback_share,2021,False,daec211cfe940ff0b8c175d9b16010e7
MIA,00-0036212,0.6234756097560976,2022-02-15T00:00:00Z,historical_dropback_share,2021,False,daec211cfe940ff0b8c175d9b16010e7
MIA,00-0031237,0.12985074626865672,2023-02-15T00:00:00Z,historical_dropback_share,2022,False,daec211cfe940ff0b8c175d9b16010e7
MIA,00-0036212,0.6283582089552239,2023-02-15T00:00:00Z,historical_dropback_share,2022,False,daec211cfe940ff0b8c175d9b16010e7
MIA,00-0037327,0.24029850746268658,2023-02-15T00:00:00Z,historical_dropback_share,2022,False,daec211cfe940ff0b8c175d9b16010e7
MIA,00-0036212,0.987460815047022,2024-02-15T00:00:00Z,historical_dropback_share,2023,False,daec211cfe940ff0b8c175d9b16010e7
MIA,00-0035993,0.2346456692913386,2025-02-15T00:00:00Z,historical_dropback_share,2024,False,daec211cfe940ff0b8c175d9b16010e7
MIA,00-0036212,0.662992125984252,2025-02-15T00:00:00Z,historical_dropback_share,2024,False,daec211cfe940ff0b8c175d9b16010e7
MIA,00-0036212,0.8011583011583011,2026-02-15T00:00:00Z,historical_dropback_share,2025,False,daec211cfe940ff0b8c175d9b16010e7
MIA,00-0040234,0.17567567567567569,2026-02-15T00:00:00Z,historical_dropback_share,2025,False,daec211cfe940ff0b8c175d9b16010e7
MIN,00-0029604,0.998211091234347,2021-02-15T00:00:00Z,historical_dropback_share,2020,False,daec211cfe940ff0b8c175d9b16010e7
MIN,00-0029604,0.9287974683544303,2022-02-15T00:00:00Z,historical_dropback_share,2021,False,daec211cfe940ff0b8c175d9b16010e7
MIN,00-0029604,0.9592105263157895,2023-02-15T00:00:00Z,historical_dropback_share,2022,False,daec211cfe940ff0b8c175d9b16010e7
MIN,00-0029604,0.4822485207100592,2024-02-15T00:00:00Z,historical_dropback_share,2023,False,daec211cfe940ff0b8c175d9b16010e7
MIN,00-0033319,0.23520710059171598,2024-02-15T00:00:00Z,historical_dropback_share,2023,False,daec211cfe940ff0b8c175d9b16010e7
MIN,00-0033949,0.2440828402366864,2024-02-15T00:00:00Z,historical_dropback_share,2023,False,daec211cfe940ff0b8c175d9b16010e7
MIN,00-0034869,0.9938176197836167,2025-02-15T00:00:00Z,historical_dropback_share,2024,False,daec211cfe940ff0b8c175d9b16010e7
MIN,00-0032950,0.3436928702010969,2026-02-15T00:00:00Z,historical_dropback_share,2025,False,daec211cfe940ff0b8c175d9b16010e7
MIN,00-0039923,0.4990859232175503,2026-02-15T00:00:00Z,historical_dropback_share,2025,False,daec211cfe940ff0b8c175d9b16010e7
MIN,00-0040494,0.15539305301645337,2026-02-15T00:00:00Z,historical_dropback_share,2025,False,daec211cfe940ff0b8c175d9b16010e7
NE,00-0027939,0.8361344537815126,2021-02-15T00:00:00Z,historical_dropback_share,2020,False,daec211cfe940ff0b8c175d9b16010e7
NE,00-0035264,0.10084033613445378,2021-02-15T00:00:00Z,historical_dropback_share,2020,False,daec211cfe940ff0b8c175d9b16010e7
NE,00-0036972,0.9768211920529801,2022-02-15T00:00:00Z,historical_dropback_share,2021,False,daec211cfe940ff0b8c175d9b16010e7
NE,00-0036972,0.8198970840480274,2023-02-15T00:00:00Z,historical_dropback_share,2022,False,daec211cfe940ff0b8c175d9b16010e7
NE,00-0038108,0.1680960548885077,2023-02-15T00:00:00Z,historical_dropback_share,2022,False,daec211cfe940ff0b8c175d9b16010e7
NE,00-0036972,0.6082644628099173,2024-02-15T00:00:00Z,historical_dropback_share,2023,False,daec211cfe940ff0b8c175d9b16010e7
NE,00-0038108,0.39008264462809916,2024-02-15T00:00:00Z,historical_dropback_share,2023,False,daec211cfe940ff0b8c175d9b16010e7
NE,00-0033119,0.307032590051458,2025-02-15T00:00:00Z,historical_dropback_share,2024,False,daec211cfe940ff0b8c175d9b16010e7
NE,00-0039851,0.6415094339622641,2025-02-15T00:00:00Z,historical_dropback_share,2024,False,daec211cfe940ff0b8c175d9b16010e7
NE,00-0039851,0.9826839826839827,2026-02-15T00:00:00Z,historical_dropback_share,2025,False,daec211cfe940ff0b8c175d9b16010e7
NO,00-0020531,0.76,2021-02-15T00:00:00Z,historical_dropback_share,2020,False,daec211cfe940ff0b8c175d9b16010e7
NO,00-0033357,0.2176,2021-02-15T00:00:00Z,historical_dropback_share,2020,False,daec211cfe940ff0b8c175d9b16010e7
NO,00-0031503,0.31675874769797424,2022-02-15T00:00:00Z,historical_dropback_share,2021,False,daec211cfe940ff0b8c175d9b16010e7
NO,00-0032156,0.3701657458563536,2022-02-15T00:00:00Z,historical_dropback_share,2021,False,daec211cfe940ff0b8c175d9b16010e7
NO,00-0033357,0.2596685082872928,2022-02-15T00:00:00Z,historical_dropback_share,2021,False,daec211cfe940ff0b8c175d9b16010e7
NO,00-0027973,0.7345454545454545,2023-02-15T00:00:00Z,historical_dropback_share,2022,False,daec211cfe940ff0b8c175d9b16010e7
NO,00-0031503,0.22727272727272727,2023-02-15T00:00:00Z,historical_dropback_share,2022,False,daec211cfe940ff0b8c175d9b16010e7
NO,00-0031280,0.9035769828926905,2024-02-15T00:00:00Z,historical_dropback_share,2023,False,daec211cfe940ff0b8c175d9b16010e7
NO,00-0031280,0.4906937394247039,2025-02-15T00:00:00Z,historical_dropback_share,2024,False,daec211cfe940ff0b8c175d9b16010e7
NO,00-0039376,0.4230118443316413,2025-02-15T00:00:00Z,historical_dropback_share,2024,False,daec211cfe940ff0b8c175d9b16010e7
NO,00-0039376,0.4283464566929134,2026-02-15T00:00:00Z,historical_dropback_share,2025,False,daec211cfe940ff0b8c175d9b16010e7
NO,00-0040743,0.5606299212598426,2026-02-15T00:00:00Z,historical_dropback_share,2025,False,daec211cfe940ff0b8c175d9b16010e7
NYG,00-0027688,0.1265377855887522,2021-02-15T00:00:00Z,historical_dropback_share,2020,False,daec211cfe940ff0b8c175d9b16010e7
NYG,00-0035710,0.8681898066783831,2021-02-15T00:00:00Z,historical_dropback_share,2020,False,daec211cfe940ff0b8c175d9b16010e7
NYG,00-0030520,0.2766295707472178,2022-02-15T00:00:00Z,historical_dropback_share,2021,False,daec211cfe940ff0b8c175d9b16010e7
NYG,00-0035710,0.6089030206677265,2022-02-15T00:00:00Z,historical_dropback_share,2021,False,daec211cfe940ff0b8c175d9b16010e7
NYG,00-0036197,0.10492845786963434,2022-02-15T00:00:00Z,historical_dropback_share,2021,False,daec211cfe940ff0b8c175d9b16010e7
NYG,00-0035710,0.9139280125195618,2023-02-15T00:00:00Z,historical_dropback_share,2022,False,daec211cfe940ff0b8c175d9b16010e7
NYG,00-0028118,0.32,2024-02-15T00:00:00Z,historical_dropback_share,2023,False,daec211cfe940ff0b8c175d9b16010e7
NYG,00-0035710,0.31833333333333336,2024-02-15T00:00:00Z,historical_dropback_share,2023,False,daec211cfe940ff0b8c175d9b16010e7
NYG,00-0038476,0.35833333333333334,2024-02-15T00:00:00Z,historical_dropback_share,2023,False,daec211cfe940ff0b8c175d9b16010e7
NYG,00-0035704,0.3015625,2025-02-15T00:00:00Z,historical_dropback_share,2024,False,daec211cfe940ff0b8c175d9b16010e7
NYG,00-0035710,0.5796875,2025-02-15T00:00:00Z,historical_dropback_share,2024,False,daec211cfe940ff0b8c175d9b16010e7
NYG,00-0029263,0.22395833333333334,2026-02-15T00:00:00Z,historical_dropback_share,2025,False,daec211cfe940ff0b8c175d9b16010e7
NYG,00-0031503,0.11979166666666667,2026-02-15T00:00:00Z,historical_dropback_share,2025,False,daec211cfe940ff0b8c175d9b16010e7
NYG,00-0040691,0.6510416666666666,2026-02-15T00:00:00Z,historical_dropback_share,2025,False,daec211cfe940ff0b8c175d9b16010e7
NYJ,00-0026158,0.26062846580406657,2021-02-15T00:00:00Z,historical_dropback_share,2020,False,daec211cfe940ff0b8c175d9b16010e7
NYJ,00-0034869,0.7356746765249538,2021-02-15T00:00:00Z,historical_dropback_share,2020,False,daec211cfe940ff0b8c175d9b16010e7
NYJ,00-0034401,0.20757575757575758,2022-02-15T00:00:00Z,historical_dropback_share,2021,False,daec211cfe940ff0b8c175d9b16010e7
NYJ,00-0037013,0.65,2022-02-15T00:00:00Z,historical_dropback_share,2021,False,daec211cfe940ff0b8c175d9b16010e7
NYJ,00-0026158,0.3004484304932735,2023-02-15T00:00:00Z,historical_dropback_share,2022,False,daec211cfe940ff0b8c175d9b16010e7
NYJ,00-0034401,0.2750373692077728,2023-02-15T00:00:00Z,historical_dropback_share,2022,False,daec211cfe940ff0b8c175d9b16010e7
NYJ,00-0037013,0.3961136023916293,2023-02-15T00:00:00Z,historical_dropback_share,2022,False,daec211cfe940ff0b8c175d9b16010e7
NYJ,00-0032156,0.24246987951807228,2024-02-15T00:00:00Z,historical_dropback_share,2023,False,daec211cfe940ff0b8c175d9b16010e7
NYJ,00-0034177,0.12951807228915663,2024-02-15T00:00:00Z,historical_dropback_share,2023,False,daec211cfe940ff0b8c175d9b16010e7
NYJ,00-0037013,0.6219879518072289,2024-02-15T00:00:00Z,historical_dropback_share,2023,False,daec211cfe940ff0b8c175d9b16010e7
NYJ,00-0023459,0.9601837672281777,2025-02-15T00:00:00Z,historical_dropback_share,2024,False,daec211cfe940ff0b8c175d9b16010e7
NYJ,00-0028118,0.2643884892086331,2026-02-15T00:00:00Z,historical_dropback_share,2025,False,daec211cfe940ff0b8c175d9b16010e7
NYJ,00-0036945,0.41906474820143885,2026-02-15T00:00:00Z,historical_dropback_share,2025,False,daec211cfe940ff0b8c175d9b16010e7
NYJ,00-0040398,0.31115107913669066,2026-02-15T00:00:00Z,historical_dropback_share,2025,False,daec211cfe940ff0b8c175d9b16010e7
PHI,00-0032950,0.7365269461077845,2021-02-15T00:00:00Z,historical_dropback_share,2020,False,daec211cfe940ff0b8c175d9b16010e7
PHI,00-0036389,0.2410179640718563,2021-02-15T00:00:00Z,historical_dropback_share,2020,False,daec211cfe940ff0b8c175d9b16010e7
PHI,00-0035289,0.11518324607329843,2022-02-15T00:00:00Z,historical_dropback_share,2021,False,daec211cfe940ff0b8c175d9b16010e7
PHI,00-0036389,0.881326352530541,2022-02-15T00:00:00Z,historical_dropback_share,2021,False,daec211cfe940ff0b8c175d9b16010e7
PHI,00-0035289,0.12071535022354694,2023-02-15T00:00:00Z,historical_dropback_share,2022,False,daec211cfe940ff0b8c175d9b16010e7
PHI,00-0036389,0.879284649776453,2023-02-15T00:00:00Z,historical_dropback_share,2022,False,daec211cfe940ff0b8c175d9b16010e7
PHI,00-0036389,0.9563182527301092,2024-02-15T00:00:00Z,historical_dropback_share,2023,False,daec211cfe940ff0b8c175d9b16010e7
PHI,00-0036389,0.8411371237458194,2025-02-15T00:00:00Z,historical_dropback_share,2024,False,daec211cfe940ff0b8c175d9b16010e7
PHI,00-0036389,0.9190140845070423,2026-02-15T00:00:00Z,historical_dropback_share,2025,False,daec211cfe940ff0b8c175d9b16010e7
PIT,00-0022924,0.9329758713136729,2021-02-15T00:00:00Z,historical_dropback_share,2020,False,daec211cfe940ff0b8c175d9b16010e7
PIT,00-0022924,0.9226666666666666,2022-02-15T00:00:00Z,historical_dropback_share,2021,False,daec211cfe940ff0b8c175d9b16010e7
PIT,00-0033869,0.31311475409836065,2023-02-15T00:00:00Z,historical_dropback_share,2022,False,daec211cfe940ff0b8c175d9b16010e7
PIT,00-0038102,0.6836065573770492,2023-02-15T00:00:00Z,historical_dropback_share,2022,False,daec211cfe940ff0b8c175d9b16010e7
PIT,00-0033869,0.1962134251290878,2024-02-15T00:00:00Z,historical_dropback_share,2023,False,daec211cfe940ff0b8c175d9b16010e7
PIT,00-0034771,0.20481927710843373,2024-02-15T00:00:00Z,historical_dropback_share,2023,False,daec211cfe940ff0b8c175d9b16010e7
PIT,00-0038102,0.5972461273666093,2024-02-15T00:00:00Z,historical_dropback_share,2023,False,daec211cfe940ff0b8c175d9b16010e7
PIT,00-0029263,0.6901893287435457,2025-02-15T00:00:00Z,historical_dropback_share,2024,False,daec211cfe940ff0b8c175d9b16010e7
PIT,00-0036945,0.306368330464716,2025-02-15T00:00:00Z,historical_dropback_share,2024,False,daec211cfe940ff0b8c175d9b16010e7
PIT,00-0023459,0.9111470113085622,2026-02-15T00:00:00Z,historical_dropback_share,2025,False,daec211cfe940ff0b8c175d9b16010e7
SEA,00-0029263,0.9906832298136646,2021-02-15T00:00:00Z,historical_dropback_share,2020,False,daec211cfe940ff0b8c175d9b16010e7
SEA,00-0029263,0.8025830258302583,2022-02-15T00:00:00Z,historical_dropback_share,2021,False,daec211cfe940ff0b8c175d9b16010e7
SEA,00-0030565,0.1974169741697417,2022-02-15T00:00:00Z,historical_dropback_share,2021,False,daec211cfe940ff0b8c175d9b16010e7
SEA,00-0030565,0.9984825493171472,2023-02-15T00:00:00Z,historical_dropback_share,2022,False,daec211cfe940ff0b8c175d9b16010e7
SEA,00-0030565,0.8627450980392157,2024-02-15T00:00:00Z,historical_dropback_share,2023,False,daec211cfe940ff0b8c175d9b16010e7
SEA,00-0035704,0.13562091503267973,2024-02-15T00:00:00Z,historical_dropback_share,2023,False,daec211cfe940ff0b8c175d9b16010e7
SEA,00-0030565,0.970679012345679,2025-02-15T00:00:00Z,historical_dropback_share,2024,False,daec211cfe940ff0b8c175d9b16010e7
SEA,00-0034869,0.9933665008291874,2026-02-15T00:00:00Z,historical_dropback_share,2025,False,daec211cfe940ff0b8c175d9b16010e7
SF,00-0031345,0.24673202614379086,2021-02-15T00:00:00Z,historical_dropback_share,2020,False,daec211cfe940ff0b8c175d9b16010e7
SF,00-0033319,0.5669934640522876,2021-02-15T00:00:00Z,historical_dropback_share,2020,False,daec211cfe940ff0b8c175d9b16010e7
SF,00-0033936,0.184640522875817,2021-02-15T00:00:00Z,historical_dropback_share,2020,False,daec211cfe940ff0b8c175d9b16010e7
SF,00-0031345,0.8764044943820225,2022-02-15T00:00:00Z,historical_dropback_share,2021,False,daec211cfe940ff0b8c175d9b16010e7
SF,00-0037012,0.12038523274478331,2022-02-15T00:00:00Z,historical_dropback_share,2021,False,daec211cfe940ff0b8c175d9b16010e7
SF,00-0031345,0.5199362041467305,2023-02-15T00:00:00Z,historical_dropback_share,2022,False,daec211cfe940ff0b8c175d9b16010e7
SF,00-0037834,0.39712918660287083,2023-02-15T00:00:00Z,historical_dropback_share,2022,False,daec211cfe940ff0b8c175d9b16010e7
SF,00-0037834,0.9162717219589257,2024-02-15T00:00:00Z,historical_dropback_share,2023,False,daec211cfe940ff0b8c175d9b16010e7
SF,00-0037834,0.8546099290780141,2025-02-15T00:00:00Z,historical_dropback_share,2024,False,daec211cfe940ff0b8c175d9b16010e7
SF,00-0036972,0.46038863976083705,2026-02-15T00:00:00Z,historical_dropback_share,2025,False,daec211cfe940ff0b8c175d9b16010e7
SF,00-0037834,0.5366218236173393,2026-02-15T00:00:00Z,historical_dropback_share,2025,False,daec211cfe940ff0b8c175d9b16010e7
TB,00-0019596,0.9784810126582278,2021-02-15T00:00:00Z,historical_dropback_share,2020,False,daec211cfe940ff0b8c175d9b16010e7
TB,00-0019596,0.9847238542890717,2022-02-15T00:00:00Z,historical_dropback_share,2021,False,daec211cfe940ff0b8c175d9b16010e7
TB,00-0019596,0.9787234042553191,2023-02-15T00:00:00Z,historical_dropback_share,2022,False,daec211cfe940ff0b8c175d9b16010e7
TB,00-0034855,0.9971305595408895,2024-02-15T00:00:00Z,historical_dropback_share,2023,False,daec211cfe940ff0b8c175d9b16010e7
TB,00-0034855,0.9984177215189873,2025-02-15T00:00:00Z,historical_dropback_share,2024,False,daec211cfe940ff0b8c175d9b16010e7
TB,00-0034855,0.9717138103161398,2026-02-15T00:00:00Z,historical_dropback_share,2025,False,daec211cfe940ff0b8c175d9b16010e7
TEN,00-0029701,0.9888888888888889,2021-02-15T00:00:00Z,historical_dropback_share,2020,False,daec211cfe940ff0b8c175d9b16010e7
TEN,00-0029701,0.9934102141680395,2022-02-15T00:00:00Z,historical_dropback_share,2021,False,daec211cfe940ff0b8c175d9b16010e7
TEN,00-0029701,0.7089108910891089,2023-02-15T00:00:00Z,historical_dropback_share,2022,False,daec211cfe940ff0b8c175d9b16010e7
TEN,00-0033949,0.14653465346534653,2023-02-15T00:00:00Z,historical_dropback_share,2022,False,daec211cfe940ff0b8c175d9b16010e7
TEN,00-0038128,0.1405940594059406,2023-02-15T00:00:00Z,historical_dropback_share,2022,False,daec211cfe940ff0b8c175d9b16010e7
TEN,00-0029701,0.46846846846846846,2024-02-15T00:00:00Z,historical_dropback_share,2023,False,daec211cfe940ff0b8c175d9b16010e7
TEN,00-0039152,0.5081081081081081,2024-02-15T00:00:00Z,historical_dropback_share,2023,False,daec211cfe940ff0b8c175d9b16010e7
TEN,00-0034771,0.4072164948453608,2025-02-15T00:00:00Z,historical_dropback_share,2024,False,daec211cfe940ff0b8c175d9b16010e7
TEN,00-0039152,0.5910652920962199,2025-02-15T00:00:00Z,historical_dropback_share,2024,False,daec211cfe940ff0b8c175d9b16010e7
TEN,00-0040676,0.9502407704654896,2026-02-15T00:00:00Z,historical_dropback_share,2025,False,daec211cfe940ff0b8c175d9b16010e7
WAS,00-0023436,0.3908701854493581,2021-02-15T00:00:00Z,historical_dropback_share,2020,False,daec211cfe940ff0b8c175d9b16010e7
WAS,00-0034577,0.1369472182596291,2021-02-15T00:00:00Z,historical_dropback_share,2020,False,daec211cfe940ff0b8c175d9b16010e7
WAS,00-0035232,0.37375178316690444,2021-02-15T00:00:00Z,historical_dropback_share,2020,False,daec211cfe940ff0b8c175d9b16010e7
WAS,00-0031800,0.8956228956228957,2022-02-15T00:00:00Z,historical_dropback_share,2021,False,daec211cfe940ff0b8c175d9b16010e7
WAS,00-0031800,0.4546952224052718,2023-02-15T00:00:00Z,historical_dropback_share,2022,False,daec211cfe940ff0b8c175d9b16010e7
WAS,00-0032950,0.5090609555189456,2023-02-15T00:00:00Z,historical_dropback_share,2022,False,daec211cfe940ff0b8c175d9b16010e7
WAS,00-0037077,0.9658605974395448,2024-02-15T00:00:00Z,historical_dropback_share,2023,False,daec211cfe940ff0b8c175d9b16010e7
WAS,00-0039910,0.9296987087517934,2025-02-15T00:00:00Z,historical_dropback_share,2024,False,daec211cfe940ff0b8c175d9b16010e7
WAS,00-0026300,0.1073558648111332,2026-02-15T00:00:00Z,historical_dropback_share,2025,False,daec211cfe940ff0b8c175d9b16010e7
WAS,00-0032268,0.4850894632206759,2026-02-15T00:00:00Z,historical_dropback_share,2025,False,daec211cfe940ff0b8c175d9b16010e7
WAS,00-0039910,0.40556660039761433,2026-02-15T00:00:00Z,historical_dropback_share,2025,False,daec211cfe940ff0b8c175d9b16010e7
ARI,00-0035228,0.02,2026-08-01T00:00:00Z,depth_chart_rank,2026,True,daec211cfe940ff0b8c175d9b16010e7
ARI,00-0038582,0.02,2026-08-01T00:00:00Z,depth_chart_rank,2026,True,daec211cfe940ff0b8c175d9b16010e7
ATL,00-0029604,0.02,2026-08-01T00:00:00Z,depth_chart_rank,2026,True,daec211cfe940ff0b8c175d9b16010e7
ATL,00-0039917,0.02,2026-08-01T00:00:00Z,depth_chart_rank,2026,True,daec211cfe940ff0b8c175d9b16010e7
BAL,00-0034796,0.02,2026-08-01T00:00:00Z,depth_chart_rank,2026,True,daec211cfe940ff0b8c175d9b16010e7
BAL,00-0026300,0.02,2026-08-01T00:00:00Z,depth_chart_rank,2026,True,daec211cfe940ff0b8c175d9b16010e7
BUF,00-0034857,0.02,2026-08-01T00:00:00Z,depth_chart_rank,2026,True,daec211cfe940ff0b8c175d9b16010e7
BUF,00-0033869,0.02,2026-08-01T00:00:00Z,depth_chart_rank,2026,True,daec211cfe940ff0b8c175d9b16010e7
BUF,00-0034401,0.02,2026-08-01T00:00:00Z,depth_chart_rank,2026,True,daec211cfe940ff0b8c175d9b16010e7
CAR,00-0027973,0.02,2026-08-01T00:00:00Z,depth_chart_rank,2026,True,daec211cfe940ff0b8c175d9b16010e7
CAR,00-0039501,0.02,2026-08-01T00:00:00Z,depth_chart_rank,2026,True,daec211cfe940ff0b8c175d9b16010e7
CAR,00-0039150,0.02,2026-08-01T00:00:00Z,depth_chart_rank,2026,True,daec211cfe940ff0b8c175d9b16010e7
CHI,00-0039918,0.02,2026-08-01T00:00:00Z,depth_chart_rank,2026,True,daec211cfe940ff0b8c175d9b16010e7
CHI,00-0038416,0.02,2026-08-01T00:00:00Z,depth_chart_rank,2026,True,daec211cfe940ff0b8c175d9b16010e7
CIN,00-0035100,0.02,2026-08-01T00:00:00Z,depth_chart_rank,2026,True,daec211cfe940ff0b8c175d9b16010e7
CIN,00-0036442,0.02,2026-08-01T00:00:00Z,depth_chart_rank,2026,True,daec211cfe940ff0b8c175d9b16010e7
CLE,00-0033537,0.02,2026-08-01T00:00:00Z,depth_chart_rank,2026,True,daec211cfe940ff0b8c175d9b16010e7
CLE,00-0031503,0.02,2026-08-01T00:00:00Z,depth_chart_rank,2026,True,daec211cfe940ff0b8c175d9b16010e7
CLE,00-0038583,0.02,2026-08-01T00:00:00Z,depth_chart_rank,2026,True,daec211cfe940ff0b8c175d9b16010e7
DAL,00-0033662,0.02,2026-08-01T00:00:00Z,depth_chart_rank,2026,True,daec211cfe940ff0b8c175d9b16010e7
DAL,00-0037012,0.02,2026-08-01T00:00:00Z,depth_chart_rank,2026,True,daec211cfe940ff0b8c175d9b16010e7
DAL,00-0033077,0.02,2026-08-01T00:00:00Z,depth_chart_rank,2026,True,daec211cfe940ff0b8c175d9b16010e7
DEN,00-0037013,0.02,2026-08-01T00:00:00Z,depth_chart_rank,2026,True,daec211cfe940ff0b8c175d9b16010e7
DEN,00-0039732,0.02,2026-08-01T00:00:00Z,depth_chart_rank,2026,True,daec211cfe940ff0b8c175d9b16010e7
DEN,00-0035264,0.02,2026-08-01T00:00:00Z,depth_chart_rank,2026,True,daec211cfe940ff0b8c175d9b16010e7
DET,00-0038550,0.02,2026-08-01T00:00:00Z,depth_chart_rank,2026,True,daec211cfe940ff0b8c175d9b16010e7
DET,00-0033106,0.02,2026-08-01T00:00:00Z,depth_chart_rank,2026,True,daec211cfe940ff0b8c175d9b16010e7
GB,00-0038128,0.02,2026-08-01T00:00:00Z,depth_chart_rank,2026,True,daec211cfe940ff0b8c175d9b16010e7
GB,00-0036264,0.02,2026-08-01T00:00:00Z,depth_chart_rank,2026,True,daec211cfe940ff0b8c175d9b16010e7
HOU,00-0036898,0.02,2026-08-01T00:00:00Z,depth_chart_rank,2026,True,daec211cfe940ff0b8c175d9b16010e7
HOU,00-0039163,0.02,2026-08-01T00:00:00Z,depth_chart_rank,2026,True,daec211cfe940ff0b8c175d9b16010e7
IND,00-0036879,0.02,2026-08-01T00:00:00Z,depth_chart_rank,2026,True,daec211cfe940ff0b8c175d9b16010e7
IND,00-0039164,0.02,2026-08-01T00:00:00Z,depth_chart_rank,2026,True,daec211cfe940ff0b8c175d9b16010e7
IND,00-0026158,0.02,2026-08-01T00:00:00Z,depth_chart_rank,2026,True,daec211cfe940ff0b8c175d9b16010e7
JAX,00-0036971,0.02,2026-08-01T00:00:00Z,depth_chart_rank,2026,True,daec211cfe940ff0b8c175d9b16010e7
JAX,00-0036972,0.02,2026-08-01T00:00:00Z,depth_chart_rank,2026,True,daec211cfe940ff0b8c175d9b16010e7
JAX,00-0033936,0.02,2026-08-01T00:00:00Z,depth_chart_rank,2026,True,daec211cfe940ff0b8c175d9b16010e7
KC,00-0033873,0.02,2026-08-01T00:00:00Z,depth_chart_rank,2026,True,daec211cfe940ff0b8c175d9b16010e7
KC,00-0032950,0.02,2026-08-01T00:00:00Z,depth_chart_rank,2026,True,daec211cfe940ff0b8c175d9b16010e7
LA,00-0039107,0.02,2026-08-01T00:00:00Z,depth_chart_rank,2026,True,daec211cfe940ff0b8c175d9b16010e7
LA,00-0031345,0.02,2026-08-01T00:00:00Z,depth_chart_rank,2026,True,daec211cfe940ff0b8c175d9b16010e7
LA,00-0026498,0.02,2026-08-01T00:00:00Z,depth_chart_rank,2026,True,daec211cfe940ff0b8c175d9b16010e7
LAC,00-0031800,0.02,2026-08-01T00:00:00Z,depth_chart_rank,2026,True,daec211cfe940ff0b8c175d9b16010e7
LAC,00-0036355,0.02,2026-08-01T00:00:00Z,depth_chart_rank,2026,True,daec211cfe940ff0b8c175d9b16010e7
LAC,00-0035282,0.02,2026-08-01T00:00:00Z,depth_chart_rank,2026,True,daec211cfe940ff0b8c175d9b16010e7
LV,00-0038122,0.02,2026-08-01T00:00:00Z,depth_chart_rank,2026,True,daec211cfe940ff0b8c175d9b16010e7
LV,00-0038579,0.02,2026-08-01T00:00:00Z,depth_chart_rank,2026,True,daec211cfe940ff0b8c175d9b16010e7
LV,00-0035289,0.02,2026-08-01T00:00:00Z,depth_chart_rank,2026,True,daec211cfe940ff0b8c175d9b16010e7
MIA,00-0037327,0.02,2026-08-01T00:00:00Z,depth_chart_rank,2026,True,daec211cfe940ff0b8c175d9b16010e7
MIA,00-0036212,0.02,2026-08-01T00:00:00Z,depth_chart_rank,2026,True,daec211cfe940ff0b8c175d9b16010e7
MIA,00-0035993,0.02,2026-08-01T00:00:00Z,depth_chart_rank,2026,True,daec211cfe940ff0b8c175d9b16010e7
MIN,00-0035710,0.02,2026-08-01T00:00:00Z,depth_chart_rank,2026,True,daec211cfe940ff0b8c175d9b16010e7
MIN,00-0033319,0.02,2026-08-01T00:00:00Z,depth_chart_rank,2026,True,daec211cfe940ff0b8c175d9b16010e7
MIN,00-0034869,0.02,2026-08-01T00:00:00Z,depth_chart_rank,2026,True,daec211cfe940ff0b8c175d9b16010e7
NE,00-0033119,0.02,2026-08-01T00:00:00Z,depth_chart_rank,2026,True,daec211cfe940ff0b8c175d9b16010e7
NE,00-0039851,0.02,2026-08-01T00:00:00Z,depth_chart_rank,2026,True,daec211cfe940ff0b8c175d9b16010e7
NE,00-0039398,0.02,2026-08-01T00:00:00Z,depth_chart_rank,2026,True,daec211cfe940ff0b8c175d9b16010e7
NO,00-0031280,0.02,2026-08-01T00:00:00Z,depth_chart_rank,2026,True,daec211cfe940ff0b8c175d9b16010e7
NO,00-0038998,0.02,2026-08-01T00:00:00Z,depth_chart_rank,2026,True,daec211cfe940ff0b8c175d9b16010e7
NO,00-0039376,0.02,2026-08-01T00:00:00Z,depth_chart_rank,2026,True,daec211cfe940ff0b8c175d9b16010e7
NYG,00-0035710,0.02,2026-08-01T00:00:00Z,depth_chart_rank,2026,True,daec211cfe940ff0b8c175d9b16010e7
NYG,00-0035704,0.02,2026-08-01T00:00:00Z,depth_chart_rank,2026,True,daec211cfe940ff0b8c175d9b16010e7
NYG,00-0038476,0.02,2026-08-01T00:00:00Z,depth_chart_rank,2026,True,daec211cfe940ff0b8c175d9b16010e7
NYJ,00-0028118,0.02,2026-08-01T00:00:00Z,depth_chart_rank,2026,True,daec211cfe940ff0b8c175d9b16010e7
NYJ,00-0023459,0.02,2026-08-01T00:00:00Z,depth_chart_rank,2026,True,daec211cfe940ff0b8c175d9b16010e7
PHI,00-0036389,0.02,2026-08-01T00:00:00Z,depth_chart_rank,2026,True,daec211cfe940ff0b8c175d9b16010e7
PHI,00-0038102,0.02,2026-08-01T00:00:00Z,depth_chart_rank,2026,True,daec211cfe940ff0b8c175d9b16010e7
PHI,00-0038400,0.02,2026-08-01T00:00:00Z,depth_chart_rank,2026,True,daec211cfe940ff0b8c175d9b16010e7
PIT,00-0034577,0.02,2026-08-01T00:00:00Z,depth_chart_rank,2026,True,daec211cfe940ff0b8c175d9b16010e7
PIT,00-0036945,0.02,2026-08-01T00:00:00Z,depth_chart_rank,2026,True,daec211cfe940ff0b8c175d9b16010e7
PIT,00-0029263,0.02,2026-08-01T00:00:00Z,depth_chart_rank,2026,True,daec211cfe940ff0b8c175d9b16010e7
SEA,00-0037077,0.02,2026-08-01T00:00:00Z,depth_chart_rank,2026,True,daec211cfe940ff0b8c175d9b16010e7
SEA,00-0030565,0.02,2026-08-01T00:00:00Z,depth_chart_rank,2026,True,daec211cfe940ff0b8c175d9b16010e7
SEA,00-0038598,0.02,2026-08-01T00:00:00Z,depth_chart_rank,2026,True,daec211cfe940ff0b8c175d9b16010e7
SF,00-0037834,0.02,2026-08-01T00:00:00Z,depth_chart_rank,2026,True,daec211cfe940ff0b8c175d9b16010e7
SF,00-0032434,0.02,2026-08-01T00:00:00Z,depth_chart_rank,2026,True,daec211cfe940ff0b8c175d9b16010e7
SF,00-0033949,0.02,2026-08-01T00:00:00Z,depth_chart_rank,2026,True,daec211cfe940ff0b8c175d9b16010e7
TB,00-0036928,0.02,2026-08-01T00:00:00Z,depth_chart_rank,2026,True,daec211cfe940ff0b8c175d9b16010e7
TB,00-0034855,0.02,2026-08-01T00:00:00Z,depth_chart_rank,2026,True,daec211cfe940ff0b8c175d9b16010e7
TEN,00-0034771,0.02,2026-08-01T00:00:00Z,depth_chart_rank,2026,True,daec211cfe940ff0b8c175d9b16010e7
TEN,00-0039152,0.02,2026-08-01T00:00:00Z,depth_chart_rank,2026,True,daec211cfe940ff0b8c175d9b16010e7
TEN,00-0032156,0.02,2026-08-01T00:00:00Z,depth_chart_rank,2026,True,daec211cfe940ff0b8c175d9b16010e7
WAS,00-0032436,0.02,2026-08-01T00:00:00Z,depth_chart_rank,2026,True,daec211cfe940ff0b8c175d9b16010e7
WAS,00-0039910,0.02,2026-08-01T00:00:00Z,depth_chart_rank,2026,True,daec211cfe940ff0b8c175d9b16010e7
WAS,00-0032268,0.02,2026-08-01T00:00:00Z,depth_chart_rank,2026,True,daec211cfe940ff0b8c175d9b16010e7
