team_id,player_id,starter_probability,as_of_utc,source,season,needs_human_review,player_name,rank,source_manifest_hash,origin,qb_review_status
ARI,00-0035228,0.8762886597938144,2026-08-01T00:00:00Z,depth_chart_rank,2026,True,Kyler Murray,1.0,daec211cfe940ff0b8c175d9b16010e7,generated,OK
ARI,00-0038582,0.1237113402061855,2026-08-01T00:00:00Z,depth_chart_rank,2026,True,Clayton Tune,2.0,daec211cfe940ff0b8c175d9b16010e7,generated,OK
ATL,00-0039917,0.8762886597938144,2026-08-01T00:00:00Z,depth_chart_rank,2026,True,Michael Penix,1.0,daec211cfe940ff0b8c175d9b16010e7,generated,OK
ATL,00-0029604,0.1237113402061855,2026-08-01T00:00:00Z,depth_chart_rank,2026,True,Kirk Cousins,2.0,daec211cfe940ff0b8c175d9b16010e7,generated,OK
BAL,00-0034796,0.8762886597938144,2026-08-01T00:00:00Z,depth_chart_rank,2026,True,Lamar Jackson,1.0,daec211cfe940ff0b8c175d9b16010e7,generated,OK
BAL,00-0026300,0.1237113402061855,2026-08-01T00:00:00Z,depth_chart_rank,2026,True,Josh Johnson,2.0,daec211cfe940ff0b8c175d9b16010e7,generated,OK
BUF,00-0034857,0.85,2026-08-01T00:00:00Z,depth_chart_rank,2026,True,Josh Allen,1.0,daec211cfe940ff0b8c175d9b16010e7,generated,OK
BUF,00-0033869,0.12,2026-08-01T00:00:00Z,depth_chart_rank,2026,True,Mitchell Trubisky,2.0,daec211cfe940ff0b8c175d9b16010e7,generated,OK
BUF,00-0034401,0.03,2026-08-01T00:00:00Z,depth_chart_rank,2026,True,Mike White,3.0,daec211cfe940ff0b8c175d9b16010e7,generated,OK
CAR,00-0039150,0.85,2026-08-01T00:00:00Z,depth_chart_rank,2026,True,Bryce Young,1.0,daec211cfe940ff0b8c175d9b16010e7,generated,OK
CAR,00-0027973,0.12,2026-08-01T00:00:00Z,depth_chart_rank,2026,True,Andy Dalton,2.0,daec211cfe940ff0b8c175d9b16010e7,generated,OK
CAR,00-0039501,0.03,2026-08-01T00:00:00Z,depth_chart_rank,2026,True,Jack Plummer,3.0,daec211cfe940ff0b8c175d9b16010e7,generated,OK
CHI,00-0039918,0.8762886597938144,2026-08-01T00:00:00Z,depth_chart_rank,2026,True,Caleb Williams,1.0,daec211cfe940ff0b8c175d9b16010e7,generated,OK
CHI,00-0038416,0.1237113402061855,2026-08-01T00:00:00Z,depth_chart_rank,2026,True,Tyson Bagent,2.0,daec211cfe940ff0b8c175d9b16010e7,generated,OK
CIN,00-0036442,0.8762886597938144,2026-08-01T00:00:00Z,depth_chart_rank,2026,True,Joe Burrow,1.0,daec211cfe940ff0b8c175d9b16010e7,generated,OK
CIN,00-0035100,0.1237113402061855,2026-08-01T00:00:00Z,depth_chart_rank,2026,True,Jake Browning,2.0,daec211cfe940ff0b8c175d9b16010e7,generated,OK
CLE,00-0031503,0.8415841584158416,2026-08-01T00:00:00Z,depth_chart_rank,2026,True,Jameis Winston,1.0,daec211cfe940ff0b8c175d9b16010e7,generated,OK
CLE,00-0033537,0.1188118811881188,2026-08-01T00:00:00Z,depth_chart_rank,2026,True,Deshaun Watson,2.0,daec211cfe940ff0b8c175d9b16010e7,generated,OK
CLE,00-0038583,0.0297029702970297,2026-08-01T00:00:00Z,depth_chart_rank,2026,True,Dorian Thompson-Robinson,3.0,daec211cfe940ff0b8c175d9b16010e7,generated,OK
CLE,00-0038108,0.0099009900990099,2026-08-01T00:00:00Z,depth_chart_rank,2026,True,Bailey Zappe,4.0,daec211cfe940ff0b8c175d9b16010e7,generated,OK
DAL,00-0033662,0.85,2026-08-01T00:00:00Z,depth_chart_rank,2026,True,Cooper Rush,1.0,daec211cfe940ff0b8c175d9b16010e7,generated,OK
DAL,00-0033077,0.12,2026-08-01T00:00:00Z,depth_chart_rank,2026,True,Dak Prescott,2.0,daec211cfe940ff0b8c175d9b16010e7,generated,OK
DAL,00-0037012,0.03,2026-08-01T00:00:00Z,depth_chart_rank,2026,True,Trey Lance,3.0,daec211cfe940ff0b8c175d9b16010e7,generated,OK
DEN,00-0039732,0.85,2026-08-01T00:00:00Z,depth_chart_rank,2026,True,Bo Nix,1.0,daec211cfe940ff0b8c175d9b16010e7,generated,OK
DEN,00-0035264,0.12,2026-08-01T00:00:00Z,depth_chart_rank,2026,True,Jarrett Stidham,2.0,daec211cfe940ff0b8c175d9b16010e7,generated,OK
DEN,00-0037013,0.03,2026-08-01T00:00:00Z,depth_chart_rank,2026,True,Zach Wilson,3.0,daec211cfe940ff0b8c175d9b16010e7,generated,OK
DET,00-0033106,0.8762886597938144,2026-08-01T00:00:00Z,depth_chart_rank,2026,True,Jared Goff,1.0,daec211cfe940ff0b8c175d9b16010e7,generated,OK
DET,00-0038550,0.1237113402061855,2026-08-01T00:00:00Z,depth_chart_rank,2026,True,Hendon Hooker,2.0,daec211cfe940ff0b8c175d9b16010e7,generated,OK
GB,00-0036264,0.8762886597938144,2026-08-01T00:00:00Z,depth_chart_rank,2026,True,Jordan Love,1.0,daec211cfe940ff0b8c175d9b16010e7,generated,OK
GB,00-0038128,0.1237113402061855,2026-08-01T00:00:00Z,depth_chart_rank,2026,True,Malik Willis,2.0,daec211cfe940ff0b8c175d9b16010e7,generated,OK
HOU,00-0039163,0.8762886597938144,2026-08-01T00:00:00Z,depth_chart_rank,2026,True,C.J. Stroud,1.0,daec211cfe940ff0b8c175d9b16010e7,generated,OK
HOU,00-0036898,0.1237113402061855,2026-08-01T00:00:00Z,depth_chart_rank,2026,True,Davis Mills,2.0,daec211cfe940ff0b8c175d9b16010e7,generated,OK
IND,00-0026158,0.85,2026-08-01T00:00:00Z,depth_chart_rank,2026,True,Joe Flacco,1.0,daec211cfe940ff0b8c175d9b16010e7,generated,OK
IND,00-0036879,0.12,2026-08-01T00:00:00Z,depth_chart_rank,2026,True,Sam Ehlinger,2.0,daec211cfe940ff0b8c175d9b16010e7,generated,OK
IND,00-0039164,0.03,2026-08-01T00:00:00Z,depth_chart_rank,2026,True,Anthony Richardson,3.0,daec211cfe940ff0b8c175d9b16010e7,generated,OK
JAX,00-0036972,0.85,2026-08-01T00:00:00Z,depth_chart_rank,2026,True,Mac Jones,1.0,daec211cfe940ff0b8c175d9b16010e7,generated,OK
JAX,00-0036971,0.12,2026-08-01T00:00:00Z,depth_chart_rank,2026,True,Trevor Lawrence,2.0,daec211cfe940ff0b8c175d9b16010e7,generated,OK
JAX,00-0033936,0.03,2026-08-01T00:00:00Z,depth_chart_rank,2026,True,C.J. Beathard,3.0,daec211cfe940ff0b8c175d9b16010e7,generated,OK
KC,00-0033873,0.8762886597938144,2026-08-01T00:00:00Z,depth_chart_rank,2026,True,Patrick Mahomes,1.0,daec211cfe940ff0b8c175d9b16010e7,generated,OK
KC,00-0032950,0.1237113402061855,2026-08-01T00:00:00Z,depth_chart_rank,2026,True,Carson Wentz,2.0,daec211cfe940ff0b8c175d9b16010e7,generated,OK
LA,00-0026498,0.85,2026-08-01T00:00:00Z,depth_chart_rank,2026,True,Matthew Stafford,1.0,daec211cfe940ff0b8c175d9b16010e7,generated,OK
LA,00-0031345,0.12,2026-08-01T00:00:00Z,depth_chart_rank,2026,True,Jimmy Garoppolo,2.0,daec211cfe940ff0b8c175d9b16010e7,generated,OK
LA,00-0039107,0.03,2026-08-01T00:00:00Z,depth_chart_rank,2026,True,Stetson Bennett,3.0,daec211cfe940ff0b8c175d9b16010e7,generated,OK
LAC,00-0036355,0.85,2026-08-01T00:00:00Z,depth_chart_rank,2026,True,Justin Herbert,1.0,daec211cfe940ff0b8c175d9b16010e7,generated,OK
LAC,00-0031800,0.12,2026-08-01T00:00:00Z,depth_chart_rank,2026,True,Taylor Heinicke,2.0,daec211cfe940ff0b8c175d9b16010e7,generated,OK
LAC,00-0035282,0.03,2026-08-01T00:00:00Z,depth_chart_rank,2026,True,Easton Stick,3.0,daec211cfe940ff0b8c175d9b16010e7,generated,OK
LV,00-0038579,0.85,2026-08-01T00:00:00Z,depth_chart_rank,2026,True,Aidan O'Connell,1.0,daec211cfe940ff0b8c175d9b16010e7,generated,OK
LV,00-0035289,0.12,2026-08-01T00:00:00Z,depth_chart_rank,2026,True,Gardner Minshew,2.0,daec211cfe940ff0b8c175d9b16010e7,generated,OK
LV,00-0038122,0.03,2026-08-01T00:00:00Z,depth_chart_rank,2026,True,Desmond Ridder,3.0,daec211cfe940ff0b8c175d9b16010e7,generated,OK
MIA,00-0036212,0.8415841584158416,2026-08-01T00:00:00Z,depth_chart_rank,2026,True,Tua Tagovailoa,1.0,daec211cfe940ff0b8c175d9b16010e7,generated,OK
MIA,00-0035993,0.1188118811881188,2026-08-01T00:00:00Z,depth_chart_rank,2026,True,Tyler Huntley,2.0,daec211cfe940ff0b8c175d9b16010e7,generated,OK
MIA,00-0037327,0.0297029702970297,2026-08-01T00:00:00Z,depth_chart_rank,2026,True,Skylar Thompson,3.0,daec211cfe940ff0b8c175d9b16010e7,generated,OK
MIA,00-0034177,0.0099009900990099,2026-08-01T00:00:00Z,depth_chart_rank,2026,True,Tim Boyle,4.0,daec211cfe940ff0b8c175d9b16010e7,generated,OK
MIN,00-0034869,0.8415841584158416,2026-08-01T00:00:00Z,depth_chart_rank,2026,True,Sam Darnold,1.0,daec211cfe940ff0b8c175d9b16010e7,generated,OK
MIN,00-0033319,0.1188118811881188,2026-08-01T00:00:00Z,depth_chart_rank,2026,True,Nick Mullens,2.0,daec211cfe940ff0b8c175d9b16010e7,generated,OK
MIN,00-0035710,0.0297029702970297,2026-08-01T00:00:00Z,depth_chart_rank,2026,True,Daniel Jones,3.0,daec211cfe940ff0b8c175d9b16010e7,generated,OK
MIN,00-0034955,0.0099009900990099,2026-08-01T00:00:00Z,depth_chart_rank,2026,True,Brett Rypien,4.0,daec211cfe940ff0b8c175d9b16010e7,generated,OK
NE,00-0039851,0.85,2026-08-01T00:00:00Z,depth_chart_rank,2026,True,Drake Maye,1.0,daec211cfe940ff0b8c175d9b16010e7,generated,OK
NE,00-0033119,0.12,2026-08-01T00:00:00Z,depth_chart_rank,2026,True,Jacoby Brissett,2.0,daec211cfe940ff0b8c175d9b16010e7,generated,OK
NE,00-0039398,0.03,2026-08-01T00:00:00Z,depth_chart_rank,2026,True,Joe Milton,3.0,daec211cfe940ff0b8c175d9b16010e7,generated,OK
NO,00-0031280,0.85,2026-08-01T00:00:00Z,depth_chart_rank,2026,True,Derek Carr,1.0,daec211cfe940ff0b8c175d9b16010e7,generated,OK
NO,00-0039376,0.12,2026-08-01T00:00:00Z,depth_chart_rank,2026,True,Spencer Rattler,2.0,daec211cfe940ff0b8c175d9b16010e7,generated,OK
NO,00-0038998,0.03,2026-08-01T00:00:00Z,depth_chart_rank,2026,True,Jake Haener,3.0,daec211cfe940ff0b8c175d9b16010e7,generated,OK
NYG,00-0035704,0.8415841584158416,2026-08-01T00:00:00Z,depth_chart_rank,2026,True,Drew Lock,1.0,daec211cfe940ff0b8c175d9b16010e7,generated,OK
NYG,00-0035710,0.1188118811881188,2026-08-01T00:00:00Z,depth_chart_rank,2026,True,Daniel Jones,2.0,daec211cfe940ff0b8c175d9b16010e7,generated,OK
NYG,00-0038476,0.0297029702970297,2026-08-01T00:00:00Z,depth_chart_rank,2026,True,Tommy DeVito,3.0,daec211cfe940ff0b8c175d9b16010e7,generated,OK
NYG,00-0034177,0.0099009900990099,2026-08-01T00:00:00Z,depth_chart_rank,2026,True,Tim Boyle,4.0,daec211cfe940ff0b8c175d9b16010e7,generated,OK
NYJ,00-0023459,0.8762886597938144,2026-08-01T00:00:00Z,depth_chart_rank,2026,True,Aaron Rodgers,1.0,daec211cfe940ff0b8c175d9b16010e7,generated,OK
NYJ,00-0028118,0.1237113402061855,2026-08-01T00:00:00Z,depth_chart_rank,2026,True,Tyrod Taylor,2.0,daec211cfe940ff0b8c175d9b16010e7,generated,OK
PHI,00-0036389,0.85,2026-08-01T00:00:00Z,depth_chart_rank,2026,True,Jalen Hurts,1.0,daec211cfe940ff0b8c175d9b16010e7,generated,OK
PHI,00-0038102,0.12,2026-08-01T00:00:00Z,depth_chart_rank,2026,True,Kenny Pickett,2.0,daec211cfe940ff0b8c175d9b16010e7,generated,OK
PHI,00-0038400,0.03,2026-08-01T00:00:00Z,depth_chart_rank,2026,True,Tanner McKee,3.0,daec211cfe940ff0b8c175d9b16010e7,generated,OK
PIT,00-0029263,0.85,2026-08-01T00:00:00Z,depth_chart_rank,2026,True,Russell Wilson,1.0,daec211cfe940ff0b8c175d9b16010e7,generated,OK
PIT,00-0036945,0.12,2026-08-01T00:00:00Z,depth_chart_rank,2026,True,Justin Fields,2.0,daec211cfe940ff0b8c175d9b16010e7,generated,OK
PIT,00-0034577,0.03,2026-08-01T00:00:00Z,depth_chart_rank,2026,True,Kyle Allen,3.0,daec211cfe940ff0b8c175d9b16010e7,generated,OK
SEA,00-0030565,0.85,2026-08-01T00:00:00Z,depth_chart_rank,2026,True,Geno Smith,1.0,daec211cfe940ff0b8c175d9b16010e7,generated,OK
SEA,00-0037077,0.12,2026-08-01T00:00:00Z,depth_chart_rank,2026,True,Sam Howell,2.0,daec211cfe940ff0b8c175d9b16010e7,generated,OK
SEA,00-0038598,0.03,2026-08-01T00:00:00Z,depth_chart_rank,2026,True,Jaren Hall,3.0,daec211cfe940ff0b8c175d9b16010e7,generated,OK
SF,00-0037834,0.85,2026-08-01T00:00:00Z,depth_chart_rank,2026,True,Brock Purdy,1.0,daec211cfe940ff0b8c175d9b16010e7,generated,OK
SF,00-0032434,0.12,2026-08-01T00:00:00Z,depth_chart_rank,2026,True,Brandon Allen,2.0,daec211cfe940ff0b8c175d9b16010e7,generated,OK
SF,00-0033949,0.03,2026-08-01T00:00:00Z,depth_chart_rank,2026,True,Joshua Dobbs,3.0,daec211cfe940ff0b8c175d9b16010e7,generated,OK
TB,00-0034855,0.8762886597938144,2026-08-01T00:00:00Z,depth_chart_rank,2026,True,Baker Mayfield,1.0,daec211cfe940ff0b8c175d9b16010e7,generated,OK
TB,00-0036928,0.1237113402061855,2026-08-01T00:00:00Z,depth_chart_rank,2026,True,Kyle Trask,2.0,daec211cfe940ff0b8c175d9b16010e7,generated,OK
TEN,00-0034771,0.85,2026-08-01T00:00:00Z,depth_chart_rank,2026,True,Mason Rudolph,1.0,daec211cfe940ff0b8c175d9b16010e7,generated,OK
TEN,00-0039152,0.12,2026-08-01T00:00:00Z,depth_chart_rank,2026,True,Will Levis,2.0,daec211cfe940ff0b8c175d9b16010e7,generated,OK
TEN,00-0032156,0.03,2026-08-01T00:00:00Z,depth_chart_rank,2026,True,Trevor Siemian,3.0,daec211cfe940ff0b8c175d9b16010e7,generated,OK
WAS,00-0039910,0.8415841584158416,2026-08-01T00:00:00Z,depth_chart_rank,2026,True,Jayden Daniels,1.0,daec211cfe940ff0b8c175d9b16010e7,generated,OK
WAS,00-0032268,0.1188118811881188,2026-08-01T00:00:00Z,depth_chart_rank,2026,True,Marcus Mariota,2.0,daec211cfe940ff0b8c175d9b16010e7,generated,OK
WAS,00-0032436,0.0297029702970297,2026-08-01T00:00:00Z,depth_chart_rank,2026,True,Jeff Driskel,3.0,daec211cfe940ff0b8c175d9b16010e7,generated,OK
WAS,00-0039677,0.0099009900990099,2026-08-01T00:00:00Z,depth_chart_rank,2026,True,Sam Hartman,4.0,daec211cfe940ff0b8c175d9b16010e7,generated,OK
