entity_id,season,metric,value,sample_size,available_at_utc,source_manifest_hash
ARI,2020,offense_pass_epa_per_dropback,0.03726109203521864,604,2021-02-15T00:00:00Z,f49426255095b6fb1e4458a8912f1cca336665dcc0fb378794de6e277fa75eeb
ARI,2020,offense_rush_epa_per_carry,0.06040447203383818,479,2021-02-15T00:00:00Z,f49426255095b6fb1e4458a8912f1cca336665dcc0fb378794de6e277fa75eeb
ARI,2021,offense_pass_epa_per_dropback,0.12748030889238735,630,2022-02-15T00:00:00Z,f49426255095b6fb1e4458a8912f1cca336665dcc0fb378794de6e277fa75eeb
ARI,2021,offense_rush_epa_per_carry,-0.018097438730980676,496,2022-02-15T00:00:00Z,f49426255095b6fb1e4458a8912f1cca336665dcc0fb378794de6e277fa75eeb
ARI,2022,offense_pass_epa_per_dropback,-0.12297261395330217,710,2023-02-15T00:00:00Z,f49426255095b6fb1e4458a8912f1cca336665dcc0fb378794de6e277fa75eeb
ARI,2022,offense_rush_epa_per_carry,-0.023930187819038974,434,2023-02-15T00:00:00Z,f49426255095b6fb1e4458a8912f1cca336665dcc0fb378794de6e277fa75eeb
ARI,2023,offense_pass_epa_per_dropback,-0.1689722269968293,597,2024-02-15T00:00:00Z,f49426255095b6fb1e4458a8912f1cca336665dcc0fb378794de6e277fa75eeb
ARI,2023,offense_rush_epa_per_carry,0.0396230445325376,471,2024-02-15T00:00:00Z,f49426255095b6fb1e4458a8912f1cca336665dcc0fb378794de6e277fa75eeb
ARI,2024,offense_pass_epa_per_dropback,0.11261142967317185,573,2025-02-15T00:00:00Z,f49426255095b6fb1e4458a8912f1cca336665dcc0fb378794de6e277fa75eeb
ARI,2024,offense_rush_epa_per_carry,0.046898332672685714,463,2025-02-15T00:00:00Z,f49426255095b6fb1e4458a8912f1cca336665dcc0fb378794de6e277fa75eeb
ARI,2025,offense_pass_epa_per_dropback,0.00672257030183359,708,2026-02-15T00:00:00Z,f49426255095b6fb1e4458a8912f1cca336665dcc0fb378794de6e277fa75eeb
ARI,2025,offense_rush_epa_per_carry,-0.058756431757927635,366,2026-02-15T00:00:00Z,f49426255095b6fb1e4458a8912f1cca336665dcc0fb378794de6e277fa75eeb
ATL,2020,offense_pass_epa_per_dropback,0.10419460844629153,669,2021-02-15T00:00:00Z,f49426255095b6fb1e4458a8912f1cca336665dcc0fb378794de6e277fa75eeb
ATL,2020,offense_rush_epa_per_carry,-0.10276991579436306,409,2021-02-15T00:00:00Z,f49426255095b6fb1e4458a8912f1cca336665dcc0fb378794de6e277fa75eeb
ATL,2021,offense_pass_epa_per_dropback,-0.027429393996624064,613,2022-02-15T00:00:00Z,f49426255095b6fb1e4458a8912f1cca336665dcc0fb378794de6e277fa75eeb
ATL,2021,offense_rush_epa_per_carry,-0.1654529773093452,393,2022-02-15T00:00:00Z,f49426255095b6fb1e4458a8912f1cca336665dcc0fb378794de6e277fa75eeb
ATL,2022,offense_pass_epa_per_dropback,0.028090338865941207,452,2023-02-15T00:00:00Z,f49426255095b6fb1e4458a8912f1cca336665dcc0fb378794de6e277fa75eeb
ATL,2022,offense_rush_epa_per_carry,0.01907596538593724,559,2023-02-15T00:00:00Z,f49426255095b6fb1e4458a8912f1cca336665dcc0fb378794de6e277fa75eeb
ATL,2023,offense_pass_epa_per_dropback,-0.07540598445859825,570,2024-02-15T00:00:00Z,f49426255095b6fb1e4458a8912f1cca336665dcc0fb378794de6e277fa75eeb
ATL,2023,offense_rush_epa_per_carry,-0.1231801413915079,522,2024-02-15T00:00:00Z,f49426255095b6fb1e4458a8912f1cca336665dcc0fb378794de6e277fa75eeb
ATL,2024,offense_pass_epa_per_dropback,0.058065459860371024,591,2025-02-15T00:00:00Z,f49426255095b6fb1e4458a8912f1cca336665dcc0fb378794de6e277fa75eeb
ATL,2024,offense_rush_epa_per_carry,0.0002594236133709121,495,2025-02-15T00:00:00Z,f49426255095b6fb1e4458a8912f1cca336665dcc0fb378794de6e277fa75eeb
ATL,2025,offense_pass_epa_per_dropback,0.007371447280375928,571,2026-02-15T00:00:00Z,f49426255095b6fb1e4458a8912f1cca336665dcc0fb378794de6e277fa75eeb
ATL,2025,offense_rush_epa_per_carry,-0.04025862844639636,477,2026-02-15T00:00:00Z,f49426255095b6fb1e4458a8912f1cca336665dcc0fb378794de6e277fa75eeb
BAL,2020,offense_pass_epa_per_dropback,0.08918617451140985,438,2021-02-15T00:00:00Z,f49426255095b6fb1e4458a8912f1cca336665dcc0fb378794de6e277fa75eeb
BAL,2020,offense_rush_epa_per_carry,0.12418755935697579,555,2021-02-15T00:00:00Z,f49426255095b6fb1e4458a8912f1cca336665dcc0fb378794de6e277fa75eeb
BAL,2021,offense_pass_epa_per_dropback,-0.0011047988787656953,668,2022-02-15T00:00:00Z,f49426255095b6fb1e4458a8912f1cca336665dcc0fb378794de6e277fa75eeb
BAL,2021,offense_rush_epa_per_carry,0.02034481333721958,517,2022-02-15T00:00:00Z,f49426255095b6fb1e4458a8912f1cca336665dcc0fb378794de6e277fa75eeb
BAL,2022,offense_pass_epa_per_dropback,-0.03269602108082089,526,2023-02-15T00:00:00Z,f49426255095b6fb1e4458a8912f1cca336665dcc0fb378794de6e277fa75eeb
BAL,2022,offense_rush_epa_per_carry,0.06219344278527803,526,2023-02-15T00:00:00Z,f49426255095b6fb1e4458a8912f1cca336665dcc0fb378794de6e277fa75eeb
BAL,2023,offense_pass_epa_per_dropback,0.11751783757967658,535,2024-02-15T00:00:00Z,f49426255095b6fb1e4458a8912f1cca336665dcc0fb378794de6e277fa75eeb
BAL,2023,offense_rush_epa_per_carry,0.012580754235847036,541,2024-02-15T00:00:00Z,f49426255095b6fb1e4458a8912f1cca336665dcc0fb378794de6e277fa75eeb
BAL,2024,offense_pass_epa_per_dropback,0.34025723781447886,501,2025-02-15T00:00:00Z,f49426255095b6fb1e4458a8912f1cca336665dcc0fb378794de6e277fa75eeb
BAL,2024,offense_rush_epa_per_carry,0.0908788135983092,554,2025-02-15T00:00:00Z,f49426255095b6fb1e4458a8912f1cca336665dcc0fb378794de6e277fa75eeb
BAL,2025,offense_pass_epa_per_dropback,0.009657847117733199,467,2026-02-15T00:00:00Z,f49426255095b6fb1e4458a8912f1cca336665dcc0fb378794de6e277fa75eeb
BAL,2025,offense_rush_epa_per_carry,0.08326048384888016,507,2026-02-15T00:00:00Z,f49426255095b6fb1e4458a8912f1cca336665dcc0fb378794de6e277fa75eeb
BUF,2020,offense_pass_epa_per_dropback,0.2847098651368128,623,2021-02-15T00:00:00Z,f49426255095b6fb1e4458a8912f1cca336665dcc0fb378794de6e277fa75eeb
BUF,2020,offense_rush_epa_per_carry,-0.05145493004602073,411,2021-02-15T00:00:00Z,f49426255095b6fb1e4458a8912f1cca336665dcc0fb378794de6e277fa75eeb
BUF,2021,offense_pass_epa_per_dropback,0.11447332221948163,682,2022-02-15T00:00:00Z,f49426255095b6fb1e4458a8912f1cca336665dcc0fb378794de6e277fa75eeb
BUF,2021,offense_rush_epa_per_carry,0.0659824822936102,461,2022-02-15T00:00:00Z,f49426255095b6fb1e4458a8912f1cca336665dcc0fb378794de6e277fa75eeb
BUF,2022,offense_pass_epa_per_dropback,0.15804967369431466,607,2023-02-15T00:00:00Z,f49426255095b6fb1e4458a8912f1cca336665dcc0fb378794de6e277fa75eeb
BUF,2022,offense_rush_epa_per_carry,0.02879959024812945,430,2023-02-15T00:00:00Z,f49426255095b6fb1e4458a8912f1cca336665dcc0fb378794de6e277fa75eeb
BUF,2023,offense_pass_epa_per_dropback,0.1520610252399791,603,2024-02-15T00:00:00Z,f49426255095b6fb1e4458a8912f1cca336665dcc0fb378794de6e277fa75eeb
BUF,2023,offense_rush_epa_per_carry,0.06680194720690155,512,2024-02-15T00:00:00Z,f49426255095b6fb1e4458a8912f1cca336665dcc0fb378794de6e277fa75eeb
BUF,2024,offense_pass_epa_per_dropback,0.24844890775154102,534,2025-02-15T00:00:00Z,f49426255095b6fb1e4458a8912f1cca336665dcc0fb378794de6e277fa75eeb
BUF,2024,offense_rush_epa_per_carry,0.09801481997091074,491,2025-02-15T00:00:00Z,f49426255095b6fb1e4458a8912f1cca336665dcc0fb378794de6e277fa75eeb
BUF,2025,offense_pass_epa_per_dropback,0.18142207771811972,535,2026-02-15T00:00:00Z,f49426255095b6fb1e4458a8912f1cca336665dcc0fb378794de6e277fa75eeb
BUF,2025,offense_rush_epa_per_carry,0.07547571959010463,547,2026-02-15T00:00:00Z,f49426255095b6fb1e4458a8912f1cca336665dcc0fb378794de6e277fa75eeb
CAR,2020,offense_pass_epa_per_dropback,0.02085474374493145,586,2021-02-15T00:00:00Z,f49426255095b6fb1e4458a8912f1cca336665dcc0fb378794de6e277fa75eeb
CAR,2020,offense_rush_epa_per_carry,-0.020000263229970505,407,2021-02-15T00:00:00Z,f49426255095b6fb1e4458a8912f1cca336665dcc0fb378794de6e277fa75eeb
CAR,2021,offense_pass_epa_per_dropback,-0.20308423804136347,651,2022-02-15T00:00:00Z,f49426255095b6fb1e4458a8912f1cca336665dcc0fb378794de6e277fa75eeb
CAR,2021,offense_rush_epa_per_carry,-0.04080660579354389,455,2022-02-15T00:00:00Z,f49426255095b6fb1e4458a8912f1cca336665dcc0fb378794de6e277fa75eeb
CAR,2022,offense_pass_epa_per_dropback,-0.08478438718734717,493,2023-02-15T00:00:00Z,f49426255095b6fb1e4458a8912f1cca336665dcc0fb378794de6e277fa75eeb
CAR,2022,offense_rush_epa_per_carry,0.01632593635974242,483,2023-02-15T00:00:00Z,f49426255095b6fb1e4458a8912f1cca336665dcc0fb378794de6e277fa75eeb
CAR,2023,offense_pass_epa_per_dropback,-0.24065468615241545,651,2024-02-15T00:00:00Z,f49426255095b6fb1e4458a8912f1cca336665dcc0fb378794de6e277fa75eeb
CAR,2023,offense_rush_epa_per_carry,-0.07470317890678677,445,2024-02-15T00:00:00Z,f49426255095b6fb1e4458a8912f1cca336665dcc0fb378794de6e277fa75eeb
CAR,2024,offense_pass_epa_per_dropback,-0.0845811585236491,583,2025-02-15T00:00:00Z,f49426255095b6fb1e4458a8912f1cca336665dcc0fb378794de6e277fa75eeb
CAR,2024,offense_rush_epa_per_carry,0.009130934324550163,410,2025-02-15T00:00:00Z,f49426255095b6fb1e4458a8912f1cca336665dcc0fb378794de6e277fa75eeb
CAR,2025,offense_pass_epa_per_dropback,-0.05024470324555373,550,2026-02-15T00:00:00Z,f49426255095b6fb1e4458a8912f1cca336665dcc0fb378794de6e277fa75eeb
CAR,2025,offense_rush_epa_per_carry,-0.04198597831931691,461,2026-02-15T00:00:00Z,f49426255095b6fb1e4458a8912f1cca336665dcc0fb378794de6e277fa75eeb
CHI,2020,offense_pass_epa_per_dropback,-0.010864610105835318,650,2021-02-15T00:00:00Z,f49426255095b6fb1e4458a8912f1cca336665dcc0fb378794de6e277fa75eeb
CHI,2020,offense_rush_epa_per_carry,-0.033101118699675004,393,2021-02-15T00:00:00Z,f49426255095b6fb1e4458a8912f1cca336665dcc0fb378794de6e277fa75eeb
CHI,2021,offense_pass_epa_per_dropback,-0.15436732255307728,600,2022-02-15T00:00:00Z,f49426255095b6fb1e4458a8912f1cca336665dcc0fb378794de6e277fa75eeb
CHI,2021,offense_rush_epa_per_carry,-0.04225619974286278,475,2022-02-15T00:00:00Z,f49426255095b6fb1e4458a8912f1cca336665dcc0fb378794de6e277fa75eeb
CHI,2022,offense_pass_epa_per_dropback,-0.19600825281746062,435,2023-02-15T00:00:00Z,f49426255095b6fb1e4458a8912f1cca336665dcc0fb378794de6e277fa75eeb
CHI,2022,offense_rush_epa_per_carry,0.0903267760540721,558,2023-02-15T00:00:00Z,f49426255095b6fb1e4458a8912f1cca336665dcc0fb378794de6e277fa75eeb
CHI,2023,offense_pass_epa_per_dropback,-0.11483064031643508,563,2024-02-15T00:00:00Z,f49426255095b6fb1e4458a8912f1cca336665dcc0fb378794de6e277fa75eeb
CHI,2023,offense_rush_epa_per_carry,0.03820913131333385,534,2024-02-15T00:00:00Z,f49426255095b6fb1e4458a8912f1cca336665dcc0fb378794de6e277fa75eeb
CHI,2024,offense_pass_epa_per_dropback,-0.08409213124124322,634,2025-02-15T00:00:00Z,f49426255095b6fb1e4458a8912f1cca336665dcc0fb378794de6e277fa75eeb
CHI,2024,offense_rush_epa_per_carry,-0.06351178119815153,431,2025-02-15T00:00:00Z,f49426255095b6fb1e4458a8912f1cca336665dcc0fb378794de6e277fa75eeb
CHI,2025,offense_pass_epa_per_dropback,0.08009688301048423,598,2026-02-15T00:00:00Z,f49426255095b6fb1e4458a8912f1cca336665dcc0fb378794de6e277fa75eeb
CHI,2025,offense_rush_epa_per_carry,0.06526925421974984,505,2026-02-15T00:00:00Z,f49426255095b6fb1e4458a8912f1cca336665dcc0fb378794de6e277fa75eeb
CIN,2020,offense_pass_epa_per_dropback,0.02475400680935416,629,2021-02-15T00:00:00Z,f49426255095b6fb1e4458a8912f1cca336665dcc0fb378794de6e277fa75eeb
CIN,2020,offense_rush_epa_per_carry,-0.11382740208070102,411,2021-02-15T00:00:00Z,f49426255095b6fb1e4458a8912f1cca336665dcc0fb378794de6e277fa75eeb
CIN,2021,offense_pass_epa_per_dropback,0.14959241275388277,610,2022-02-15T00:00:00Z,f49426255095b6fb1e4458a8912f1cca336665dcc0fb378794de6e277fa75eeb
CIN,2021,offense_rush_epa_per_carry,-0.08283369844635786,436,2022-02-15T00:00:00Z,f49426255095b6fb1e4458a8912f1cca336665dcc0fb378794de6e277fa75eeb
CIN,2022,offense_pass_epa_per_dropback,0.13383189286006233,654,2023-02-15T00:00:00Z,f49426255095b6fb1e4458a8912f1cca336665dcc0fb378794de6e277fa75eeb
CIN,2022,offense_rush_epa_per_carry,-0.05131204073285747,399,2023-02-15T00:00:00Z,f49426255095b6fb1e4458a8912f1cca336665dcc0fb378794de6e277fa75eeb
CIN,2023,offense_pass_epa_per_dropback,0.020002608711493067,665,2024-02-15T00:00:00Z,f49426255095b6fb1e4458a8912f1cca336665dcc0fb378794de6e277fa75eeb
CIN,2023,offense_rush_epa_per_carry,-0.06445501117041201,383,2024-02-15T00:00:00Z,f49426255095b6fb1e4458a8912f1cca336665dcc0fb378794de6e277fa75eeb
CIN,2024,offense_pass_epa_per_dropback,0.16446707917779366,700,2025-02-15T00:00:00Z,f49426255095b6fb1e4458a8912f1cca336665dcc0fb378794de6e277fa75eeb
CIN,2024,offense_rush_epa_per_carry,-0.025036040548092643,380,2025-02-15T00:00:00Z,f49426255095b6fb1e4458a8912f1cca336665dcc0fb378794de6e277fa75eeb
CIN,2025,offense_pass_epa_per_dropback,0.01974543636930168,676,2026-02-15T00:00:00Z,f49426255095b6fb1e4458a8912f1cca336665dcc0fb378794de6e277fa75eeb
CIN,2025,offense_rush_epa_per_carry,0.018397274132827424,381,2026-02-15T00:00:00Z,f49426255095b6fb1e4458a8912f1cca336665dcc0fb378794de6e277fa75eeb
CLE,2020,offense_pass_epa_per_dropback,0.1753210910019185,527,2021-02-15T00:00:00Z,f49426255095b6fb1e4458a8912f1cca336665dcc0fb378794de6e277fa75eeb
CLE,2020,offense_rush_epa_per_carry,-0.013767229064472773,495,2021-02-15T00:00:00Z,f49426255095b6fb1e4458a8912f1cca336665dcc0fb378794de6e277fa75eeb
CLE,2021,offense_pass_epa_per_dropback,-0.028465931859069833,569,2022-02-15T00:00:00Z,f49426255095b6fb1e4458a8912f1cca336665dcc0fb378794de6e277fa75eeb
CLE,2021,offense_rush_epa_per_carry,0.05510163238537037,485,2022-02-15T00:00:00Z,f49426255095b6fb1e4458a8912f1cca336665dcc0fb378794de6e277fa75eeb
CLE,2022,offense_pass_epa_per_dropback,-0.01733822288584777,584,2023-02-15T00:00:00Z,f49426255095b6fb1e4458a8912f1cca336665dcc0fb378794de6e277fa75eeb
CLE,2022,offense_rush_epa_per_carry,0.04609237999839871,532,2023-02-15T00:00:00Z,f49426255095b6fb1e4458a8912f1cca336665dcc0fb378794de6e277fa75eeb
CLE,2023,offense_pass_epa_per_dropback,-0.15688164494570303,669,2024-02-15T00:00:00Z,f49426255095b6fb1e4458a8912f1cca336665dcc0fb378794de6e277fa75eeb
CLE,2023,offense_rush_epa_per_carry,-0.0924162733199919,518,2024-02-15T00:00:00Z,f49426255095b6fb1e4458a8912f1cca336665dcc0fb378794de6e277fa75eeb
CLE,2024,offense_pass_epa_per_dropback,-0.2407224007263333,727,2025-02-15T00:00:00Z,f49426255095b6fb1e4458a8912f1cca336665dcc0fb378794de6e277fa75eeb
CLE,2024,offense_rush_epa_per_carry,-0.06610243469721952,391,2025-02-15T00:00:00Z,f49426255095b6fb1e4458a8912f1cca336665dcc0fb378794de6e277fa75eeb
CLE,2025,offense_pass_epa_per_dropback,-0.2696015128470179,609,2026-02-15T00:00:00Z,f49426255095b6fb1e4458a8912f1cca336665dcc0fb378794de6e277fa75eeb
CLE,2025,offense_rush_epa_per_carry,-0.05257118623093859,421,2026-02-15T00:00:00Z,f49426255095b6fb1e4458a8912f1cca336665dcc0fb378794de6e277fa75eeb
DAL,2020,offense_pass_epa_per_dropback,-0.019839230962084616,683,2021-02-15T00:00:00Z,f49426255095b6fb1e4458a8912f1cca336665dcc0fb378794de6e277fa75eeb
DAL,2020,offense_rush_epa_per_carry,-0.044153403480445254,430,2021-02-15T00:00:00Z,f49426255095b6fb1e4458a8912f1cca336665dcc0fb378794de6e277fa75eeb
DAL,2021,offense_pass_epa_per_dropback,0.17840452974314308,680,2022-02-15T00:00:00Z,f49426255095b6fb1e4458a8912f1cca336665dcc0fb378794de6e277fa75eeb
DAL,2021,offense_rush_epa_per_carry,-0.04697262586006774,473,2022-02-15T00:00:00Z,f49426255095b6fb1e4458a8912f1cca336665dcc0fb378794de6e277fa75eeb
DAL,2022,offense_pass_epa_per_dropback,0.05443613804839818,583,2023-02-15T00:00:00Z,f49426255095b6fb1e4458a8912f1cca336665dcc0fb378794de6e277fa75eeb
DAL,2022,offense_rush_epa_per_carry,-0.02282210818053752,531,2023-02-15T00:00:00Z,f49426255095b6fb1e4458a8912f1cca336665dcc0fb378794de6e277fa75eeb
DAL,2023,offense_pass_epa_per_dropback,0.1782998731506779,654,2024-02-15T00:00:00Z,f49426255095b6fb1e4458a8912f1cca336665dcc0fb378794de6e277fa75eeb
DAL,2023,offense_rush_epa_per_carry,-0.011773615204048944,468,2024-02-15T00:00:00Z,f49426255095b6fb1e4458a8912f1cca336665dcc0fb378794de6e277fa75eeb
DAL,2024,offense_pass_epa_per_dropback,-0.06841075652816798,675,2025-02-15T00:00:00Z,f49426255095b6fb1e4458a8912f1cca336665dcc0fb378794de6e277fa75eeb
DAL,2024,offense_rush_epa_per_carry,-0.12058410990121417,429,2025-02-15T00:00:00Z,f49426255095b6fb1e4458a8912f1cca336665dcc0fb378794de6e277fa75eeb
DAL,2025,offense_pass_epa_per_dropback,0.17394422223691894,655,2026-02-15T00:00:00Z,f49426255095b6fb1e4458a8912f1cca336665dcc0fb378794de6e277fa75eeb
DAL,2025,offense_rush_epa_per_carry,-0.02005064170968404,465,2026-02-15T00:00:00Z,f49426255095b6fb1e4458a8912f1cca336665dcc0fb378794de6e277fa75eeb
DEN,2020,offense_pass_epa_per_dropback,-0.10656937468961772,588,2021-02-15T00:00:00Z,f49426255095b6fb1e4458a8912f1cca336665dcc0fb378794de6e277fa75eeb
DEN,2020,offense_rush_epa_per_carry,-0.08511208230281914,442,2021-02-15T00:00:00Z,f49426255095b6fb1e4458a8912f1cca336665dcc0fb378794de6e277fa75eeb
DEN,2021,offense_pass_epa_per_dropback,0.07522819245224513,581,2022-02-15T00:00:00Z,f49426255095b6fb1e4458a8912f1cca336665dcc0fb378794de6e277fa75eeb
DEN,2021,offense_rush_epa_per_carry,-0.07557519777230692,455,2022-02-15T00:00:00Z,f49426255095b6fb1e4458a8912f1cca336665dcc0fb378794de6e277fa75eeb
DEN,2022,offense_pass_epa_per_dropback,-0.13591933405627815,634,2023-02-15T00:00:00Z,f49426255095b6fb1e4458a8912f1cca336665dcc0fb378794de6e277fa75eeb
DEN,2022,offense_rush_epa_per_carry,-0.08397147208811825,444,2023-02-15T00:00:00Z,f49426255095b6fb1e4458a8912f1cca336665dcc0fb378794de6e277fa75eeb
DEN,2023,offense_pass_epa_per_dropback,-0.017918188191439543,565,2024-02-15T00:00:00Z,f49426255095b6fb1e4458a8912f1cca336665dcc0fb378794de6e277fa75eeb
DEN,2023,offense_rush_epa_per_carry,-0.07727135727486817,451,2024-02-15T00:00:00Z,f49426255095b6fb1e4458a8912f1cca336665dcc0fb378794de6e277fa75eeb
DEN,2024,offense_pass_epa_per_dropback,0.06739572379273787,594,2025-02-15T00:00:00Z,f49426255095b6fb1e4458a8912f1cca336665dcc0fb378794de6e277fa75eeb
DEN,2024,offense_rush_epa_per_carry,-0.03114535329789345,461,2025-02-15T00:00:00Z,f49426255095b6fb1e4458a8912f1cca336665dcc0fb378794de6e277fa75eeb
DEN,2025,offense_pass_epa_per_dropback,0.09250382166061855,636,2026-02-15T00:00:00Z,f49426255095b6fb1e4458a8912f1cca336665dcc0fb378794de6e277fa75eeb
DEN,2025,offense_rush_epa_per_carry,-0.020407095676497164,456,2026-02-15T00:00:00Z,f49426255095b6fb1e4458a8912f1cca336665dcc0fb378794de6e277fa75eeb
DET,2020,offense_pass_epa_per_dropback,0.04952941655734671,624,2021-02-15T00:00:00Z,f49426255095b6fb1e4458a8912f1cca336665dcc0fb378794de6e277fa75eeb
DET,2020,offense_rush_epa_per_carry,-0.10593920035188112,367,2021-02-15T00:00:00Z,f49426255095b6fb1e4458a8912f1cca336665dcc0fb378794de6e277fa75eeb
DET,2021,offense_pass_epa_per_dropback,-0.03331902810717978,629,2022-02-15T00:00:00Z,f49426255095b6fb1e4458a8912f1cca336665dcc0fb378794de6e277fa75eeb
DET,2021,offense_rush_epa_per_carry,-0.08926529538196863,427,2022-02-15T00:00:00Z,f49426255095b6fb1e4458a8912f1cca336665dcc0fb378794de6e277fa75eeb
DET,2022,offense_pass_epa_per_dropback,0.17005154659165136,612,2023-02-15T00:00:00Z,f49426255095b6fb1e4458a8912f1cca336665dcc0fb378794de6e277fa75eeb
DET,2022,offense_rush_epa_per_carry,-0.07664325630491124,480,2023-02-15T00:00:00Z,f49426255095b6fb1e4458a8912f1cca336665dcc0fb378794de6e277fa75eeb
DET,2023,offense_pass_epa_per_dropback,0.13047202565878913,637,2024-02-15T00:00:00Z,f49426255095b6fb1e4458a8912f1cca336665dcc0fb378794de6e277fa75eeb
DET,2023,offense_rush_epa_per_carry,-0.042086120302640105,500,2024-02-15T00:00:00Z,f49426255095b6fb1e4458a8912f1cca336665dcc0fb378794de6e277fa75eeb
DET,2024,offense_pass_epa_per_dropback,0.2951757579477942,584,2025-02-15T00:00:00Z,f49426255095b6fb1e4458a8912f1cca336665dcc0fb378794de6e277fa75eeb
DET,2024,offense_rush_epa_per_carry,0.017853900131122688,534,2025-02-15T00:00:00Z,f49426255095b6fb1e4458a8912f1cca336665dcc0fb378794de6e277fa75eeb
DET,2025,offense_pass_epa_per_dropback,0.16644125064837784,621,2026-02-15T00:00:00Z,f49426255095b6fb1e4458a8912f1cca336665dcc0fb378794de6e277fa75eeb
DET,2025,offense_rush_epa_per_carry,-0.05558495964035661,442,2026-02-15T00:00:00Z,f49426255095b6fb1e4458a8912f1cca336665dcc0fb378794de6e277fa75eeb
GB,2020,offense_pass_epa_per_dropback,0.3367283950964951,547,2021-02-15T00:00:00Z,f49426255095b6fb1e4458a8912f1cca336665dcc0fb378794de6e277fa75eeb
GB,2020,offense_rush_epa_per_carry,0.05223279919606084,443,2021-02-15T00:00:00Z,f49426255095b6fb1e4458a8912f1cca336665dcc0fb378794de6e277fa75eeb
GB,2021,offense_pass_epa_per_dropback,0.19448744766737036,626,2022-02-15T00:00:00Z,f49426255095b6fb1e4458a8912f1cca336665dcc0fb378794de6e277fa75eeb
GB,2021,offense_rush_epa_per_carry,0.03274449373890602,446,2022-02-15T00:00:00Z,f49426255095b6fb1e4458a8912f1cca336665dcc0fb378794de6e277fa75eeb
GB,2022,offense_pass_epa_per_dropback,-0.0027228328387493483,595,2023-02-15T00:00:00Z,f49426255095b6fb1e4458a8912f1cca336665dcc0fb378794de6e277fa75eeb
GB,2022,offense_rush_epa_per_carry,0.011250506280064439,456,2023-02-15T00:00:00Z,f49426255095b6fb1e4458a8912f1cca336665dcc0fb378794de6e277fa75eeb
GB,2023,offense_pass_epa_per_dropback,0.14747871293243522,611,2024-02-15T00:00:00Z,f49426255095b6fb1e4458a8912f1cca336665dcc0fb378794de6e277fa75eeb
GB,2023,offense_rush_epa_per_carry,-0.07028109756336497,441,2024-02-15T00:00:00Z,f49426255095b6fb1e4458a8912f1cca336665dcc0fb378794de6e277fa75eeb
GB,2024,offense_pass_epa_per_dropback,0.1545671830947849,501,2025-02-15T00:00:00Z,f49426255095b6fb1e4458a8912f1cca336665dcc0fb378794de6e277fa75eeb
GB,2024,offense_rush_epa_per_carry,0.007475200962584361,526,2025-02-15T00:00:00Z,f49426255095b6fb1e4458a8912f1cca336665dcc0fb378794de6e277fa75eeb
GB,2025,offense_pass_epa_per_dropback,0.22933661852613887,518,2026-02-15T00:00:00Z,f49426255095b6fb1e4458a8912f1cca336665dcc0fb378794de6e277fa75eeb
GB,2025,offense_rush_epa_per_carry,-0.030997736948677444,492,2026-02-15T00:00:00Z,f49426255095b6fb1e4458a8912f1cca336665dcc0fb378794de6e277fa75eeb
HOU,2020,offense_pass_epa_per_dropback,0.21793547582575973,596,2021-02-15T00:00:00Z,f49426255095b6fb1e4458a8912f1cca336665dcc0fb378794de6e277fa75eeb
HOU,2020,offense_rush_epa_per_carry,-0.07087686604029651,344,2021-02-15T00:00:00Z,f49426255095b6fb1e4458a8912f1cca336665dcc0fb378794de6e277fa75eeb
HOU,2021,offense_pass_epa_per_dropback,-0.10239278498002521,590,2022-02-15T00:00:00Z,f49426255095b6fb1e4458a8912f1cca336665dcc0fb378794de6e277fa75eeb
HOU,2021,offense_rush_epa_per_carry,-0.15823423065608425,420,2022-02-15T00:00:00Z,f49426255095b6fb1e4458a8912f1cca336665dcc0fb378794de6e277fa75eeb
HOU,2022,offense_pass_epa_per_dropback,-0.18335068457801526,617,2023-02-15T00:00:00Z,f49426255095b6fb1e4458a8912f1cca336665dcc0fb378794de6e277fa75eeb
HOU,2022,offense_rush_epa_per_carry,-0.1824257002414202,398,2023-02-15T00:00:00Z,f49426255095b6fb1e4458a8912f1cca336665dcc0fb378794de6e277fa75eeb
HOU,2023,offense_pass_epa_per_dropback,0.05848066608984811,639,2024-02-15T00:00:00Z,f49426255095b6fb1e4458a8912f1cca336665dcc0fb378794de6e277fa75eeb
HOU,2023,offense_rush_epa_per_carry,-0.13372231249062105,444,2024-02-15T00:00:00Z,f49426255095b6fb1e4458a8912f1cca336665dcc0fb378794de6e277fa75eeb
HOU,2024,offense_pass_epa_per_dropback,-0.02609618361588957,624,2025-02-15T00:00:00Z,f49426255095b6fb1e4458a8912f1cca336665dcc0fb378794de6e277fa75eeb
HOU,2024,offense_rush_epa_per_carry,-0.09088072436222244,434,2025-02-15T00:00:00Z,f49426255095b6fb1e4458a8912f1cca336665dcc0fb378794de6e277fa75eeb
HOU,2025,offense_pass_epa_per_dropback,0.05047459446770768,613,2026-02-15T00:00:00Z,f49426255095b6fb1e4458a8912f1cca336665dcc0fb378794de6e277fa75eeb
HOU,2025,offense_rush_epa_per_carry,-0.09460173544388813,475,2026-02-15T00:00:00Z,f49426255095b6fb1e4458a8912f1cca336665dcc0fb378794de6e277fa75eeb
IND,2020,offense_pass_epa_per_dropback,0.16657815539434037,573,2021-02-15T00:00:00Z,f49426255095b6fb1e4458a8912f1cca336665dcc0fb378794de6e277fa75eeb
IND,2020,offense_rush_epa_per_carry,-0.040060555740537886,459,2021-02-15T00:00:00Z,f49426255095b6fb1e4458a8912f1cca336665dcc0fb378794de6e277fa75eeb
IND,2021,offense_pass_epa_per_dropback,0.01800395465200258,553,2022-02-15T00:00:00Z,f49426255095b6fb1e4458a8912f1cca336665dcc0fb378794de6e277fa75eeb
IND,2021,offense_rush_epa_per_carry,0.0788354717179548,499,2022-02-15T00:00:00Z,f49426255095b6fb1e4458a8912f1cca336665dcc0fb378794de6e277fa75eeb
IND,2022,offense_pass_epa_per_dropback,-0.15557675494396173,664,2023-02-15T00:00:00Z,f49426255095b6fb1e4458a8912f1cca336665dcc0fb378794de6e277fa75eeb
IND,2022,offense_rush_epa_per_carry,-0.1507500015322181,439,2023-02-15T00:00:00Z,f49426255095b6fb1e4458a8912f1cca336665dcc0fb378794de6e277fa75eeb
IND,2023,offense_pass_epa_per_dropback,0.00016436542019310227,615,2024-02-15T00:00:00Z,f49426255095b6fb1e4458a8912f1cca336665dcc0fb378794de6e277fa75eeb
IND,2023,offense_rush_epa_per_carry,-0.08574702040829207,479,2024-02-15T00:00:00Z,f49426255095b6fb1e4458a8912f1cca336665dcc0fb378794de6e277fa75eeb
IND,2024,offense_pass_epa_per_dropback,-0.06360948896816827,545,2025-02-15T00:00:00Z,f49426255095b6fb1e4458a8912f1cca336665dcc0fb378794de6e277fa75eeb
IND,2024,offense_rush_epa_per_carry,-0.04292459613140546,496,2025-02-15T00:00:00Z,f49426255095b6fb1e4458a8912f1cca336665dcc0fb378794de6e277fa75eeb
IND,2025,offense_pass_epa_per_dropback,0.08275951105617624,576,2026-02-15T00:00:00Z,f49426255095b6fb1e4458a8912f1cca336665dcc0fb378794de6e277fa75eeb
IND,2025,offense_rush_epa_per_carry,0.07690275669660897,442,2026-02-15T00:00:00Z,f49426255095b6fb1e4458a8912f1cca336665dcc0fb378794de6e277fa75eeb
JAX,2020,offense_pass_epa_per_dropback,-0.06423604489326908,660,2021-02-15T00:00:00Z,f49426255095b6fb1e4458a8912f1cca336665dcc0fb378794de6e277fa75eeb
JAX,2020,offense_rush_epa_per_carry,-0.03630313263650344,337,2021-02-15T00:00:00Z,f49426255095b6fb1e4458a8912f1cca336665dcc0fb378794de6e277fa75eeb
JAX,2021,offense_pass_epa_per_dropback,-0.09263963086373518,636,2022-02-15T00:00:00Z,f49426255095b6fb1e4458a8912f1cca336665dcc0fb378794de6e277fa75eeb
JAX,2021,offense_rush_epa_per_carry,-0.060367529849611044,392,2022-02-15T00:00:00Z,f49426255095b6fb1e4458a8912f1cca336665dcc0fb378794de6e277fa75eeb
JAX,2022,offense_pass_epa_per_dropback,0.115249536509022,624,2023-02-15T00:00:00Z,f49426255095b6fb1e4458a8912f1cca336665dcc0fb378794de6e277fa75eeb
JAX,2022,offense_rush_epa_per_carry,-0.05511833597077442,448,2023-02-15T00:00:00Z,f49426255095b6fb1e4458a8912f1cca336665dcc0fb378794de6e277fa75eeb
JAX,2023,offense_pass_epa_per_dropback,0.008135866398413539,661,2024-02-15T00:00:00Z,f49426255095b6fb1e4458a8912f1cca336665dcc0fb378794de6e277fa75eeb
JAX,2023,offense_rush_epa_per_carry,-0.14389308488449784,453,2024-02-15T00:00:00Z,f49426255095b6fb1e4458a8912f1cca336665dcc0fb378794de6e277fa75eeb
JAX,2024,offense_pass_epa_per_dropback,0.00487042033940644,578,2025-02-15T00:00:00Z,f49426255095b6fb1e4458a8912f1cca336665dcc0fb378794de6e277fa75eeb
JAX,2024,offense_rush_epa_per_carry,-0.03283604738285441,414,2025-02-15T00:00:00Z,f49426255095b6fb1e4458a8912f1cca336665dcc0fb378794de6e277fa75eeb
JAX,2025,offense_pass_epa_per_dropback,0.06839319136991759,604,2026-02-15T00:00:00Z,f49426255095b6fb1e4458a8912f1cca336665dcc0fb378794de6e277fa75eeb
JAX,2025,offense_rush_epa_per_carry,-0.016902226941658854,489,2026-02-15T00:00:00Z,f49426255095b6fb1e4458a8912f1cca336665dcc0fb378794de6e277fa75eeb
KC,2020,offense_pass_epa_per_dropback,0.30876627835181897,654,2021-02-15T00:00:00Z,f49426255095b6fb1e4458a8912f1cca336665dcc0fb378794de6e277fa75eeb
KC,2020,offense_rush_epa_per_carry,-0.002343240042240586,403,2021-02-15T00:00:00Z,f49426255095b6fb1e4458a8912f1cca336665dcc0fb378794de6e277fa75eeb
KC,2021,offense_pass_epa_per_dropback,0.20891341633654362,703,2022-02-15T00:00:00Z,f49426255095b6fb1e4458a8912f1cca336665dcc0fb378794de6e277fa75eeb
KC,2021,offense_rush_epa_per_carry,0.045014872113668676,431,2022-02-15T00:00:00Z,f49426255095b6fb1e4458a8912f1cca336665dcc0fb378794de6e277fa75eeb
KC,2022,offense_pass_epa_per_dropback,0.27728523632694496,677,2023-02-15T00:00:00Z,f49426255095b6fb1e4458a8912f1cca336665dcc0fb378794de6e277fa75eeb
KC,2022,offense_rush_epa_per_carry,0.03662483599157641,417,2023-02-15T00:00:00Z,f49426255095b6fb1e4458a8912f1cca336665dcc0fb378794de6e277fa75eeb
KC,2023,offense_pass_epa_per_dropback,0.05719023120243141,663,2024-02-15T00:00:00Z,f49426255095b6fb1e4458a8912f1cca336665dcc0fb378794de6e277fa75eeb
KC,2023,offense_rush_epa_per_carry,-0.043451535011671934,417,2024-02-15T00:00:00Z,f49426255095b6fb1e4458a8912f1cca336665dcc0fb378794de6e277fa75eeb
KC,2024,offense_pass_epa_per_dropback,0.09826486487873169,641,2025-02-15T00:00:00Z,f49426255095b6fb1e4458a8912f1cca336665dcc0fb378794de6e277fa75eeb
KC,2024,offense_rush_epa_per_carry,0.0057425958856158095,450,2025-02-15T00:00:00Z,f49426255095b6fb1e4458a8912f1cca336665dcc0fb378794de6e277fa75eeb
KC,2025,offense_pass_epa_per_dropback,0.03943527049354847,631,2026-02-15T00:00:00Z,f49426255095b6fb1e4458a8912f1cca336665dcc0fb378794de6e277fa75eeb
KC,2025,offense_rush_epa_per_carry,0.019698488690129523,430,2026-02-15T00:00:00Z,f49426255095b6fb1e4458a8912f1cca336665dcc0fb378794de6e277fa75eeb
LA,2020,offense_pass_epa_per_dropback,0.036653423467137417,615,2021-02-15T00:00:00Z,f49426255095b6fb1e4458a8912f1cca336665dcc0fb378794de6e277fa75eeb
LA,2020,offense_rush_epa_per_carry,-0.07863104935021341,473,2021-02-15T00:00:00Z,f49426255095b6fb1e4458a8912f1cca336665dcc0fb378794de6e277fa75eeb
LA,2021,offense_pass_epa_per_dropback,0.16967208083098917,638,2022-02-15T00:00:00Z,f49426255095b6fb1e4458a8912f1cca336665dcc0fb378794de6e277fa75eeb
LA,2021,offense_rush_epa_per_carry,-0.08547124198963976,420,2022-02-15T00:00:00Z,f49426255095b6fb1e4458a8912f1cca336665dcc0fb378794de6e277fa75eeb
LA,2022,offense_pass_epa_per_dropback,-0.11547167157552189,590,2023-02-15T00:00:00Z,f49426255095b6fb1e4458a8912f1cca336665dcc0fb378794de6e277fa75eeb
LA,2022,offense_rush_epa_per_carry,-0.040818591304988626,411,2023-02-15T00:00:00Z,f49426255095b6fb1e4458a8912f1cca336665dcc0fb378794de6e277fa75eeb
LA,2023,offense_pass_epa_per_dropback,0.07072393749097083,617,2024-02-15T00:00:00Z,f49426255095b6fb1e4458a8912f1cca336665dcc0fb378794de6e277fa75eeb
LA,2023,offense_rush_epa_per_carry,0.006986436751030456,477,2024-02-15T00:00:00Z,f49426255095b6fb1e4458a8912f1cca336665dcc0fb378794de6e277fa75eeb
LA,2024,offense_pass_epa_per_dropback,0.05833720024833737,590,2025-02-15T00:00:00Z,f49426255095b6fb1e4458a8912f1cca336665dcc0fb378794de6e277fa75eeb
LA,2024,offense_rush_epa_per_carry,-0.0648781689063571,450,2025-02-15T00:00:00Z,f49426255095b6fb1e4458a8912f1cca336665dcc0fb378794de6e277fa75eeb
LA,2025,offense_pass_epa_per_dropback,0.2422774677650795,621,2026-02-15T00:00:00Z,f49426255095b6fb1e4458a8912f1cca336665dcc0fb378794de6e277fa75eeb
LA,2025,offense_rush_epa_per_carry,-0.008719841524095344,465,2026-02-15T00:00:00Z,f49426255095b6fb1e4458a8912f1cca336665dcc0fb378794de6e277fa75eeb
LAC,2020,offense_pass_epa_per_dropback,0.13574373784620195,661,2021-02-15T00:00:00Z,f49426255095b6fb1e4458a8912f1cca336665dcc0fb378794de6e277fa75eeb
LAC,2020,offense_rush_epa_per_carry,-0.12646121152981604,466,2021-02-15T00:00:00Z,f49426255095b6fb1e4458a8912f1cca336665dcc0fb378794de6e277fa75eeb
LAC,2021,offense_pass_epa_per_dropback,0.16928806734283644,705,2022-02-15T00:00:00Z,f49426255095b6fb1e4458a8912f1cca336665dcc0fb378794de6e277fa75eeb
LAC,2021,offense_rush_epa_per_carry,-0.03656823053626178,423,2022-02-15T00:00:00Z,f49426255095b6fb1e4458a8912f1cca336665dcc0fb378794de6e277fa75eeb
LAC,2022,offense_pass_epa_per_dropback,0.035920724737755025,750,2023-02-15T00:00:00Z,f49426255095b6fb1e4458a8912f1cca336665dcc0fb378794de6e277fa75eeb
LAC,2022,offense_rush_epa_per_carry,-0.024717389226172382,404,2023-02-15T00:00:00Z,f49426255095b6fb1e4458a8912f1cca336665dcc0fb378794de6e277fa75eeb
LAC,2023,offense_pass_epa_per_dropback,-0.0038225980421248123,675,2024-02-15T00:00:00Z,f49426255095b6fb1e4458a8912f1cca336665dcc0fb378794de6e277fa75eeb
LAC,2023,offense_rush_epa_per_carry,-0.1637698650463831,431,2024-02-15T00:00:00Z,f49426255095b6fb1e4458a8912f1cca336665dcc0fb378794de6e277fa75eeb
LAC,2024,offense_pass_epa_per_dropback,0.11454626880174282,554,2025-02-15T00:00:00Z,f49426255095b6fb1e4458a8912f1cca336665dcc0fb378794de6e277fa75eeb
LAC,2024,offense_rush_epa_per_carry,-0.05373790148746135,463,2025-02-15T00:00:00Z,f49426255095b6fb1e4458a8912f1cca336665dcc0fb378794de6e277fa75eeb
LAC,2025,offense_pass_epa_per_dropback,-0.03712572187299496,629,2026-02-15T00:00:00Z,f49426255095b6fb1e4458a8912f1cca336665dcc0fb378794de6e277fa75eeb
LAC,2025,offense_rush_epa_per_carry,-0.01354638168682199,466,2026-02-15T00:00:00Z,f49426255095b6fb1e4458a8912f1cca336665dcc0fb378794de6e277fa75eeb
LV,2020,offense_pass_epa_per_dropback,0.11804224197085751,579,2021-02-15T00:00:00Z,f49426255095b6fb1e4458a8912f1cca336665dcc0fb378794de6e277fa75eeb
LV,2020,offense_rush_epa_per_carry,-0.016640317172344096,457,2021-02-15T00:00:00Z,f49426255095b6fb1e4458a8912f1cca336665dcc0fb378794de6e277fa75eeb
LV,2021,offense_pass_epa_per_dropback,0.055000135322337336,668,2022-02-15T00:00:00Z,f49426255095b6fb1e4458a8912f1cca336665dcc0fb378794de6e277fa75eeb
LV,2021,offense_rush_epa_per_carry,-0.11854561741749357,414,2022-02-15T00:00:00Z,f49426255095b6fb1e4458a8912f1cca336665dcc0fb378794de6e277fa75eeb
LV,2022,offense_pass_epa_per_dropback,0.03151537080712904,621,2023-02-15T00:00:00Z,f49426255095b6fb1e4458a8912f1cca336665dcc0fb378794de6e277fa75eeb
LV,2022,offense_rush_epa_per_carry,-0.02036371418557744,428,2023-02-15T00:00:00Z,f49426255095b6fb1e4458a8912f1cca336665dcc0fb378794de6e277fa75eeb
LV,2023,offense_pass_epa_per_dropback,-0.07520534457918139,597,2024-02-15T00:00:00Z,f49426255095b6fb1e4458a8912f1cca336665dcc0fb378794de6e277fa75eeb
LV,2023,offense_rush_epa_per_carry,-0.13593480623981777,413,2024-02-15T00:00:00Z,f49426255095b6fb1e4458a8912f1cca336665dcc0fb378794de6e277fa75eeb
LV,2024,offense_pass_epa_per_dropback,-0.09185011802528924,685,2025-02-15T00:00:00Z,f49426255095b6fb1e4458a8912f1cca336665dcc0fb378794de6e277fa75eeb
LV,2024,offense_rush_epa_per_carry,-0.24177629289571578,380,2025-02-15T00:00:00Z,f49426255095b6fb1e4458a8912f1cca336665dcc0fb378794de6e277fa75eeb
LV,2025,offense_pass_epa_per_dropback,-0.18579065659495428,579,2026-02-15T00:00:00Z,f49426255095b6fb1e4458a8912f1cca336665dcc0fb378794de6e277fa75eeb
LV,2025,offense_rush_epa_per_carry,-0.2624390919635263,369,2026-02-15T00:00:00Z,f49426255095b6fb1e4458a8912f1cca336665dcc0fb378794de6e277fa75eeb
MIA,2020,offense_pass_epa_per_dropback,0.06103322450325019,593,2021-02-15T00:00:00Z,f49426255095b6fb1e4458a8912f1cca336665dcc0fb378794de6e277fa75eeb
MIA,2020,offense_rush_epa_per_carry,-0.0792970949999152,428,2021-02-15T00:00:00Z,f49426255095b6fb1e4458a8912f1cca336665dcc0fb378794de6e277fa75eeb
MIA,2021,offense_pass_epa_per_dropback,-0.006925251196699722,655,2022-02-15T00:00:00Z,f49426255095b6fb1e4458a8912f1cca336665dcc0fb378794de6e277fa75eeb
MIA,2021,offense_rush_epa_per_carry,-0.1314655436431272,442,2022-02-15T00:00:00Z,f49426255095b6fb1e4458a8912f1cca336665dcc0fb378794de6e277fa75eeb
MIA,2022,offense_pass_epa_per_dropback,0.09995555486035977,619,2023-02-15T00:00:00Z,f49426255095b6fb1e4458a8912f1cca336665dcc0fb378794de6e277fa75eeb
MIA,2022,offense_rush_epa_per_carry,-0.03987269918847108,390,2023-02-15T00:00:00Z,f49426255095b6fb1e4458a8912f1cca336665dcc0fb378794de6e277fa75eeb
MIA,2023,offense_pass_epa_per_dropback,0.18700546629690318,597,2024-02-15T00:00:00Z,f49426255095b6fb1e4458a8912f1cca336665dcc0fb378794de6e277fa75eeb
MIA,2023,offense_rush_epa_per_carry,-0.02591389414064854,456,2024-02-15T00:00:00Z,f49426255095b6fb1e4458a8912f1cca336665dcc0fb378794de6e277fa75eeb
MIA,2024,offense_pass_epa_per_dropback,0.06858341708495734,634,2025-02-15T00:00:00Z,f49426255095b6fb1e4458a8912f1cca336665dcc0fb378794de6e277fa75eeb
MIA,2024,offense_rush_epa_per_carry,-0.18599063121106604,448,2025-02-15T00:00:00Z,f49426255095b6fb1e4458a8912f1cca336665dcc0fb378794de6e277fa75eeb
MIA,2025,offense_pass_epa_per_dropback,0.009535458419160247,517,2026-02-15T00:00:00Z,f49426255095b6fb1e4458a8912f1cca336665dcc0fb378794de6e277fa75eeb
MIA,2025,offense_rush_epa_per_carry,-0.028659731978899587,432,2026-02-15T00:00:00Z,f49426255095b6fb1e4458a8912f1cca336665dcc0fb378794de6e277fa75eeb
MIN,2020,offense_pass_epa_per_dropback,0.16767643764420578,555,2021-02-15T00:00:00Z,f49426255095b6fb1e4458a8912f1cca336665dcc0fb378794de6e277fa75eeb
MIN,2020,offense_rush_epa_per_carry,0.019314423589973827,468,2021-02-15T00:00:00Z,f49426255095b6fb1e4458a8912f1cca336665dcc0fb378794de6e277fa75eeb
MIN,2021,offense_pass_epa_per_dropback,0.09049961459621134,634,2022-02-15T00:00:00Z,f49426255095b6fb1e4458a8912f1cca336665dcc0fb378794de6e277fa75eeb
MIN,2021,offense_rush_epa_per_carry,-0.09201685243466853,449,2022-02-15T00:00:00Z,f49426255095b6fb1e4458a8912f1cca336665dcc0fb378794de6e277fa75eeb
MIN,2022,offense_pass_epa_per_dropback,0.04015282653139962,719,2023-02-15T00:00:00Z,f49426255095b6fb1e4458a8912f1cca336665dcc0fb378794de6e277fa75eeb
MIN,2022,offense_rush_epa_per_carry,-0.10899271257485983,404,2023-02-15T00:00:00Z,f49426255095b6fb1e4458a8912f1cca336665dcc0fb378794de6e277fa75eeb
MIN,2023,offense_pass_epa_per_dropback,0.00395501958780815,678,2024-02-15T00:00:00Z,f49426255095b6fb1e4458a8912f1cca336665dcc0fb378794de6e277fa75eeb
MIN,2023,offense_rush_epa_per_carry,-0.07250235703081707,393,2024-02-15T00:00:00Z,f49426255095b6fb1e4458a8912f1cca336665dcc0fb378794de6e277fa75eeb
MIN,2024,offense_pass_epa_per_dropback,0.09539177775660654,597,2025-02-15T00:00:00Z,f49426255095b6fb1e4458a8912f1cca336665dcc0fb378794de6e277fa75eeb
MIN,2024,offense_rush_epa_per_carry,-0.07608921618751736,457,2025-02-15T00:00:00Z,f49426255095b6fb1e4458a8912f1cca336665dcc0fb378794de6e277fa75eeb
MIN,2025,offense_pass_epa_per_dropback,-0.1857896346759874,544,2026-02-15T00:00:00Z,f49426255095b6fb1e4458a8912f1cca336665dcc0fb378794de6e277fa75eeb
MIN,2025,offense_rush_epa_per_carry,-0.03167190061015535,410,2026-02-15T00:00:00Z,f49426255095b6fb1e4458a8912f1cca336665dcc0fb378794de6e277fa75eeb
NE,2020,offense_pass_epa_per_dropback,-0.04764898673597541,477,2021-02-15T00:00:00Z,f49426255095b6fb1e4458a8912f1cca336665dcc0fb378794de6e277fa75eeb
NE,2020,offense_rush_epa_per_carry,0.057356203373035,502,2021-02-15T00:00:00Z,f49426255095b6fb1e4458a8912f1cca336665dcc0fb378794de6e277fa75eeb
NE,2021,offense_pass_epa_per_dropback,0.13834461699042733,563,2022-02-15T00:00:00Z,f49426255095b6fb1e4458a8912f1cca336665dcc0fb378794de6e277fa75eeb
NE,2021,offense_rush_epa_per_carry,0.013728642184246877,489,2022-02-15T00:00:00Z,f49426255095b6fb1e4458a8912f1cca336665dcc0fb378794de6e277fa75eeb
NE,2022,offense_pass_epa_per_dropback,-0.04240223094378766,581,2023-02-15T00:00:00Z,f49426255095b6fb1e4458a8912f1cca336665dcc0fb378794de6e277fa75eeb
NE,2022,offense_rush_epa_per_carry,-0.06489577408217416,425,2023-02-15T00:00:00Z,f49426255095b6fb1e4458a8912f1cca336665dcc0fb378794de6e277fa75eeb
NE,2023,offense_pass_epa_per_dropback,-0.22773954755547368,605,2024-02-15T00:00:00Z,f49426255095b6fb1e4458a8912f1cca336665dcc0fb378794de6e277fa75eeb
NE,2023,offense_rush_epa_per_carry,-0.09051627191366371,415,2024-02-15T00:00:00Z,f49426255095b6fb1e4458a8912f1cca336665dcc0fb378794de6e277fa75eeb
NE,2024,offense_pass_epa_per_dropback,-0.09138939248948204,581,2025-02-15T00:00:00Z,f49426255095b6fb1e4458a8912f1cca336665dcc0fb378794de6e277fa75eeb
NE,2024,offense_rush_epa_per_carry,-0.07069399289003431,446,2025-02-15T00:00:00Z,f49426255095b6fb1e4458a8912f1cca336665dcc0fb378794de6e277fa75eeb
NE,2025,offense_pass_epa_per_dropback,0.29564892285301236,550,2026-02-15T00:00:00Z,f49426255095b6fb1e4458a8912f1cca336665dcc0fb378794de6e277fa75eeb
NE,2025,offense_rush_epa_per_carry,-0.029259647494889667,494,2026-02-15T00:00:00Z,f49426255095b6fb1e4458a8912f1cca336665dcc0fb378794de6e277fa75eeb
NO,2020,offense_pass_epa_per_dropback,0.13226031616431203,551,2021-02-15T00:00:00Z,f49426255095b6fb1e4458a8912f1cca336665dcc0fb378794de6e277fa75eeb
NO,2020,offense_rush_epa_per_carry,0.03892117902464223,494,2021-02-15T00:00:00Z,f49426255095b6fb1e4458a8912f1cca336665dcc0fb378794de6e277fa75eeb
NO,2021,offense_pass_epa_per_dropback,-0.05953911118521205,541,2022-02-15T00:00:00Z,f49426255095b6fb1e4458a8912f1cca336665dcc0fb378794de6e277fa75eeb
NO,2021,offense_rush_epa_per_carry,-0.10177835177761949,510,2022-02-15T00:00:00Z,f49426255095b6fb1e4458a8912f1cca336665dcc0fb378794de6e277fa75eeb
NO,2022,offense_pass_epa_per_dropback,0.046672464776860406,550,2023-02-15T00:00:00Z,f49426255095b6fb1e4458a8912f1cca336665dcc0fb378794de6e277fa75eeb
NO,2022,offense_rush_epa_per_carry,-0.11169788772316144,465,2023-02-15T00:00:00Z,f49426255095b6fb1e4458a8912f1cca336665dcc0fb378794de6e277fa75eeb
NO,2023,offense_pass_epa_per_dropback,0.030724562595040573,641,2024-02-15T00:00:00Z,f49426255095b6fb1e4458a8912f1cca336665dcc0fb378794de6e277fa75eeb
NO,2023,offense_rush_epa_per_carry,-0.10877299216271898,480,2024-02-15T00:00:00Z,f49426255095b6fb1e4458a8912f1cca336665dcc0fb378794de6e277fa75eeb
NO,2024,offense_pass_epa_per_dropback,-0.07684508105337413,588,2025-02-15T00:00:00Z,f49426255095b6fb1e4458a8912f1cca336665dcc0fb378794de6e277fa75eeb
NO,2024,offense_rush_epa_per_carry,0.0025840991602588846,444,2025-02-15T00:00:00Z,f49426255095b6fb1e4458a8912f1cca336665dcc0fb378794de6e277fa75eeb
NO,2025,offense_pass_epa_per_dropback,-0.037551156059221845,640,2026-02-15T00:00:00Z,f49426255095b6fb1e4458a8912f1cca336665dcc0fb378794de6e277fa75eeb
NO,2025,offense_rush_epa_per_carry,-0.11541999510248269,435,2026-02-15T00:00:00Z,f49426255095b6fb1e4458a8912f1cca336665dcc0fb378794de6e277fa75eeb
NYG,2020,offense_pass_epa_per_dropback,-0.0593320478031305,567,2021-02-15T00:00:00Z,f49426255095b6fb1e4458a8912f1cca336665dcc0fb378794de6e277fa75eeb
NYG,2020,offense_rush_epa_per_carry,-0.05104185356024046,399,2021-02-15T00:00:00Z,f49426255095b6fb1e4458a8912f1cca336665dcc0fb378794de6e277fa75eeb
NYG,2021,offense_pass_epa_per_dropback,-0.20767346534111109,631,2022-02-15T00:00:00Z,f49426255095b6fb1e4458a8912f1cca336665dcc0fb378794de6e277fa75eeb
NYG,2021,offense_rush_epa_per_carry,-0.0833999289770839,419,2022-02-15T00:00:00Z,f49426255095b6fb1e4458a8912f1cca336665dcc0fb378794de6e277fa75eeb
NYG,2022,offense_pass_epa_per_dropback,0.01855167625969201,569,2023-02-15T00:00:00Z,f49426255095b6fb1e4458a8912f1cca336665dcc0fb378794de6e277fa75eeb
NYG,2022,offense_rush_epa_per_carry,0.05863343694381286,520,2023-02-15T00:00:00Z,f49426255095b6fb1e4458a8912f1cca336665dcc0fb378794de6e277fa75eeb
NYG,2023,offense_pass_epa_per_dropback,-0.18578608324181384,603,2024-02-15T00:00:00Z,f49426255095b6fb1e4458a8912f1cca336665dcc0fb378794de6e277fa75eeb
NYG,2023,offense_rush_epa_per_carry,-0.1456822650398449,454,2024-02-15T00:00:00Z,f49426255095b6fb1e4458a8912f1cca336665dcc0fb378794de6e277fa75eeb
NYG,2024,offense_pass_epa_per_dropback,-0.15046733744861313,639,2025-02-15T00:00:00Z,f49426255095b6fb1e4458a8912f1cca336665dcc0fb378794de6e277fa75eeb
NYG,2024,offense_rush_epa_per_carry,-0.06830368730019774,424,2025-02-15T00:00:00Z,f49426255095b6fb1e4458a8912f1cca336665dcc0fb378794de6e277fa75eeb
NYG,2025,offense_pass_epa_per_dropback,0.01152554093339277,574,2026-02-15T00:00:00Z,f49426255095b6fb1e4458a8912f1cca336665dcc0fb378794de6e277fa75eeb
NYG,2025,offense_rush_epa_per_carry,0.028650163598152593,511,2026-02-15T00:00:00Z,f49426255095b6fb1e4458a8912f1cca336665dcc0fb378794de6e277fa75eeb
NYJ,2020,offense_pass_epa_per_dropback,-0.15516412523279335,542,2021-02-15T00:00:00Z,f49426255095b6fb1e4458a8912f1cca336665dcc0fb378794de6e277fa75eeb
NYJ,2020,offense_rush_epa_per_carry,-0.10501971291241019,406,2021-02-15T00:00:00Z,f49426255095b6fb1e4458a8912f1cca336665dcc0fb378794de6e277fa75eeb
NYJ,2021,offense_pass_epa_per_dropback,-0.1146925444266798,656,2022-02-15T00:00:00Z,f49426255095b6fb1e4458a8912f1cca336665dcc0fb378794de6e277fa75eeb
NYJ,2021,offense_rush_epa_per_carry,-0.028699618623628916,380,2022-02-15T00:00:00Z,f49426255095b6fb1e4458a8912f1cca336665dcc0fb378794de6e277fa75eeb
NYJ,2022,offense_pass_epa_per_dropback,-0.09849986256454764,669,2023-02-15T00:00:00Z,f49426255095b6fb1e4458a8912f1cca336665dcc0fb378794de6e277fa75eeb
NYJ,2022,offense_rush_epa_per_carry,-0.05481904758293144,405,2023-02-15T00:00:00Z,f49426255095b6fb1e4458a8912f1cca336665dcc0fb378794de6e277fa75eeb
NYJ,2023,offense_pass_epa_per_dropback,-0.28055786074416234,665,2024-02-15T00:00:00Z,f49426255095b6fb1e4458a8912f1cca336665dcc0fb378794de6e277fa75eeb
NYJ,2023,offense_rush_epa_per_carry,-0.18042236046746876,388,2024-02-15T00:00:00Z,f49426255095b6fb1e4458a8912f1cca336665dcc0fb378794de6e277fa75eeb
NYJ,2024,offense_pass_epa_per_dropback,0.03298652857529171,647,2025-02-15T00:00:00Z,f49426255095b6fb1e4458a8912f1cca336665dcc0fb378794de6e277fa75eeb
NYJ,2024,offense_rush_epa_per_carry,-0.06597504725241646,363,2025-02-15T00:00:00Z,f49426255095b6fb1e4458a8912f1cca336665dcc0fb378794de6e277fa75eeb
NYJ,2025,offense_pass_epa_per_dropback,-0.18209043394513086,554,2026-02-15T00:00:00Z,f49426255095b6fb1e4458a8912f1cca336665dcc0fb378794de6e277fa75eeb
NYJ,2025,offense_rush_epa_per_carry,-0.06780816466135565,456,2026-02-15T00:00:00Z,f49426255095b6fb1e4458a8912f1cca336665dcc0fb378794de6e277fa75eeb
PHI,2020,offense_pass_epa_per_dropback,-0.13892206559411246,663,2021-02-15T00:00:00Z,f49426255095b6fb1e4458a8912f1cca336665dcc0fb378794de6e277fa75eeb
PHI,2020,offense_rush_epa_per_carry,-0.02461640979953875,403,2021-02-15T00:00:00Z,f49426255095b6fb1e4458a8912f1cca336665dcc0fb378794de6e277fa75eeb
PHI,2021,offense_pass_epa_per_dropback,0.05995262477010813,525,2022-02-15T00:00:00Z,f49426255095b6fb1e4458a8912f1cca336665dcc0fb378794de6e277fa75eeb
PHI,2021,offense_rush_epa_per_carry,0.07818184197424399,550,2022-02-15T00:00:00Z,f49426255095b6fb1e4458a8912f1cca336665dcc0fb378794de6e277fa75eeb
PHI,2022,offense_pass_epa_per_dropback,0.1356821010159412,580,2023-02-15T00:00:00Z,f49426255095b6fb1e4458a8912f1cca336665dcc0fb378794de6e277fa75eeb
PHI,2022,offense_rush_epa_per_carry,0.09634069949494245,544,2023-02-15T00:00:00Z,f49426255095b6fb1e4458a8912f1cca336665dcc0fb378794de6e277fa75eeb
PHI,2023,offense_pass_epa_per_dropback,0.1041834859236575,602,2024-02-15T00:00:00Z,f49426255095b6fb1e4458a8912f1cca336665dcc0fb378794de6e277fa75eeb
PHI,2023,offense_rush_epa_per_carry,0.020203048898462417,510,2024-02-15T00:00:00Z,f49426255095b6fb1e4458a8912f1cca336665dcc0fb378794de6e277fa75eeb
PHI,2024,offense_pass_epa_per_dropback,0.11535626401134244,493,2025-02-15T00:00:00Z,f49426255095b6fb1e4458a8912f1cca336665dcc0fb378794de6e277fa75eeb
PHI,2024,offense_rush_epa_per_carry,0.08999312238584868,621,2025-02-15T00:00:00Z,f49426255095b6fb1e4458a8912f1cca336665dcc0fb378794de6e277fa75eeb
PHI,2025,offense_pass_epa_per_dropback,0.05987312994740616,532,2026-02-15T00:00:00Z,f49426255095b6fb1e4458a8912f1cca336665dcc0fb378794de6e277fa75eeb
PHI,2025,offense_rush_epa_per_carry,-0.022524459686588165,478,2026-02-15T00:00:00Z,f49426255095b6fb1e4458a8912f1cca336665dcc0fb378794de6e277fa75eeb
PIT,2020,offense_pass_epa_per_dropback,0.09245514668036037,670,2021-02-15T00:00:00Z,f49426255095b6fb1e4458a8912f1cca336665dcc0fb378794de6e277fa75eeb
PIT,2020,offense_rush_epa_per_carry,-0.16070213237776823,373,2021-02-15T00:00:00Z,f49426255095b6fb1e4458a8912f1cca336665dcc0fb378794de6e277fa75eeb
PIT,2021,offense_pass_epa_per_dropback,-0.08130828738173512,702,2022-02-15T00:00:00Z,f49426255095b6fb1e4458a8912f1cca336665dcc0fb378794de6e277fa75eeb
PIT,2021,offense_rush_epa_per_carry,-0.049041443945545486,411,2022-02-15T00:00:00Z,f49426255095b6fb1e4458a8912f1cca336665dcc0fb378794de6e277fa75eeb
PIT,2022,offense_pass_epa_per_dropback,0.003796355369866339,609,2023-02-15T00:00:00Z,f49426255095b6fb1e4458a8912f1cca336665dcc0fb378794de6e277fa75eeb
PIT,2022,offense_rush_epa_per_carry,0.011225269658472401,500,2023-02-15T00:00:00Z,f49426255095b6fb1e4458a8912f1cca336665dcc0fb378794de6e277fa75eeb
PIT,2023,offense_pass_epa_per_dropback,-0.08434014509850746,542,2024-02-15T00:00:00Z,f49426255095b6fb1e4458a8912f1cca336665dcc0fb378794de6e277fa75eeb
PIT,2023,offense_rush_epa_per_carry,-0.0757298626675079,487,2024-02-15T00:00:00Z,f49426255095b6fb1e4458a8912f1cca336665dcc0fb378794de6e277fa75eeb
PIT,2024,offense_pass_epa_per_dropback,0.008095237630150949,548,2025-02-15T00:00:00Z,f49426255095b6fb1e4458a8912f1cca336665dcc0fb378794de6e277fa75eeb
PIT,2024,offense_rush_epa_per_carry,-0.09048357392534834,533,2025-02-15T00:00:00Z,f49426255095b6fb1e4458a8912f1cca336665dcc0fb378794de6e277fa75eeb
PIT,2025,offense_pass_epa_per_dropback,0.050489794321469494,581,2026-02-15T00:00:00Z,f49426255095b6fb1e4458a8912f1cca336665dcc0fb378794de6e277fa75eeb
PIT,2025,offense_rush_epa_per_carry,0.008859384973140016,407,2026-02-15T00:00:00Z,f49426255095b6fb1e4458a8912f1cca336665dcc0fb378794de6e277fa75eeb
SEA,2020,offense_pass_epa_per_dropback,0.12932298872962023,611,2021-02-15T00:00:00Z,f49426255095b6fb1e4458a8912f1cca336665dcc0fb378794de6e277fa75eeb
SEA,2020,offense_rush_epa_per_carry,0.020516253998284342,411,2021-02-15T00:00:00Z,f49426255095b6fb1e4458a8912f1cca336665dcc0fb378794de6e277fa75eeb
SEA,2021,offense_pass_epa_per_dropback,0.0284201314079527,541,2022-02-15T00:00:00Z,f49426255095b6fb1e4458a8912f1cca336665dcc0fb378794de6e277fa75eeb
SEA,2021,offense_rush_epa_per_carry,0.03958558778590678,413,2022-02-15T00:00:00Z,f49426255095b6fb1e4458a8912f1cca336665dcc0fb378794de6e277fa75eeb
SEA,2022,offense_pass_epa_per_dropback,0.035560618591200986,619,2023-02-15T00:00:00Z,f49426255095b6fb1e4458a8912f1cca336665dcc0fb378794de6e277fa75eeb
SEA,2022,offense_rush_epa_per_carry,-0.029949194513942724,425,2023-02-15T00:00:00Z,f49426255095b6fb1e4458a8912f1cca336665dcc0fb378794de6e277fa75eeb
SEA,2023,offense_pass_epa_per_dropback,0.05290042736718755,613,2024-02-15T00:00:00Z,f49426255095b6fb1e4458a8912f1cca336665dcc0fb378794de6e277fa75eeb
SEA,2023,offense_rush_epa_per_carry,-0.0561990235711746,382,2024-02-15T00:00:00Z,f49426255095b6fb1e4458a8912f1cca336665dcc0fb378794de6e277fa75eeb
SEA,2024,offense_pass_epa_per_dropback,0.013019764251165498,647,2025-02-15T00:00:00Z,f49426255095b6fb1e4458a8912f1cca336665dcc0fb378794de6e277fa75eeb
SEA,2024,offense_rush_epa_per_carry,-0.0535215268332674,383,2025-02-15T00:00:00Z,f49426255095b6fb1e4458a8912f1cca336665dcc0fb378794de6e277fa75eeb
SEA,2025,offense_pass_epa_per_dropback,0.13447751545527653,508,2026-02-15T00:00:00Z,f49426255095b6fb1e4458a8912f1cca336665dcc0fb378794de6e277fa75eeb
SEA,2025,offense_rush_epa_per_carry,-0.07268613587832651,507,2026-02-15T00:00:00Z,f49426255095b6fb1e4458a8912f1cca336665dcc0fb378794de6e277fa75eeb
SF,2020,offense_pass_epa_per_dropback,0.059558524544786516,609,2021-02-15T00:00:00Z,f49426255095b6fb1e4458a8912f1cca336665dcc0fb378794de6e277fa75eeb
SF,2020,offense_rush_epa_per_carry,-0.06635863455368454,437,2021-02-15T00:00:00Z,f49426255095b6fb1e4458a8912f1cca336665dcc0fb378794de6e277fa75eeb
SF,2021,offense_pass_epa_per_dropback,0.1935713375210258,547,2022-02-15T00:00:00Z,f49426255095b6fb1e4458a8912f1cca336665dcc0fb378794de6e277fa75eeb
SF,2021,offense_rush_epa_per_carry,-0.0038252131259013237,499,2022-02-15T00:00:00Z,f49426255095b6fb1e4458a8912f1cca336665dcc0fb378794de6e277fa75eeb
SF,2022,offense_pass_epa_per_dropback,0.1938657593782662,543,2023-02-15T00:00:00Z,f49426255095b6fb1e4458a8912f1cca336665dcc0fb378794de6e277fa75eeb
SF,2022,offense_rush_epa_per_carry,-0.04284364414952091,504,2023-02-15T00:00:00Z,f49426255095b6fb1e4458a8912f1cca336665dcc0fb378794de6e277fa75eeb
SF,2023,offense_pass_epa_per_dropback,0.2724727886871578,525,2024-02-15T00:00:00Z,f49426255095b6fb1e4458a8912f1cca336665dcc0fb378794de6e277fa75eeb
SF,2023,offense_rush_epa_per_carry,0.038097266373296586,499,2024-02-15T00:00:00Z,f49426255095b6fb1e4458a8912f1cca336665dcc0fb378794de6e277fa75eeb
SF,2024,offense_pass_epa_per_dropback,0.12014968171040724,569,2025-02-15T00:00:00Z,f49426255095b6fb1e4458a8912f1cca336665dcc0fb378794de6e277fa75eeb
SF,2024,offense_rush_epa_per_carry,-0.002770126595909233,457,2025-02-15T00:00:00Z,f49426255095b6fb1e4458a8912f1cca336665dcc0fb378794de6e277fa75eeb
SF,2025,offense_pass_epa_per_dropback,0.17811008783011628,601,2026-02-15T00:00:00Z,f49426255095b6fb1e4458a8912f1cca336665dcc0fb378794de6e277fa75eeb
SF,2025,offense_rush_epa_per_carry,-0.03842512726878025,481,2026-02-15T00:00:00Z,f49426255095b6fb1e4458a8912f1cca336665dcc0fb378794de6e277fa75eeb
TB,2020,offense_pass_epa_per_dropback,0.20188525925994819,648,2021-02-15T00:00:00Z,f49426255095b6fb1e4458a8912f1cca336665dcc0fb378794de6e277fa75eeb
TB,2020,offense_rush_epa_per_carry,-0.06159303644165003,369,2021-02-15T00:00:00Z,f49426255095b6fb1e4458a8912f1cca336665dcc0fb378794de6e277fa75eeb
TB,2021,offense_pass_epa_per_dropback,0.1913745588466871,754,2022-02-15T00:00:00Z,f49426255095b6fb1e4458a8912f1cca336665dcc0fb378794de6e277fa75eeb
TB,2021,offense_rush_epa_per_carry,-0.006306580607837322,385,2022-02-15T00:00:00Z,f49426255095b6fb1e4458a8912f1cca336665dcc0fb378794de6e277fa75eeb
TB,2022,offense_pass_epa_per_dropback,0.06517585756541427,773,2023-02-15T00:00:00Z,f49426255095b6fb1e4458a8912f1cca336665dcc0fb378794de6e277fa75eeb
TB,2022,offense_rush_epa_per_carry,-0.22076244715577797,386,2023-02-15T00:00:00Z,f49426255095b6fb1e4458a8912f1cca336665dcc0fb378794de6e277fa75eeb
TB,2023,offense_pass_epa_per_dropback,0.07768701077295648,608,2024-02-15T00:00:00Z,f49426255095b6fb1e4458a8912f1cca336665dcc0fb378794de6e277fa75eeb
TB,2023,offense_rush_epa_per_carry,-0.17559822786117038,439,2024-02-15T00:00:00Z,f49426255095b6fb1e4458a8912f1cca336665dcc0fb378794de6e277fa75eeb
TB,2024,offense_pass_epa_per_dropback,0.1893395077272062,611,2025-02-15T00:00:00Z,f49426255095b6fb1e4458a8912f1cca336665dcc0fb378794de6e277fa75eeb
TB,2024,offense_rush_epa_per_carry,0.04290028629100078,483,2025-02-15T00:00:00Z,f49426255095b6fb1e4458a8912f1cca336665dcc0fb378794de6e277fa75eeb
TB,2025,offense_pass_epa_per_dropback,-0.01983385255435064,596,2026-02-15T00:00:00Z,f49426255095b6fb1e4458a8912f1cca336665dcc0fb378794de6e277fa75eeb
TB,2025,offense_rush_epa_per_carry,0.0017748107863511053,472,2026-02-15T00:00:00Z,f49426255095b6fb1e4458a8912f1cca336665dcc0fb378794de6e277fa75eeb
TEN,2020,offense_pass_epa_per_dropback,0.24406495744515863,510,2021-02-15T00:00:00Z,f49426255095b6fb1e4458a8912f1cca336665dcc0fb378794de6e277fa75eeb
TEN,2020,offense_rush_epa_per_carry,0.09215684712395301,521,2021-02-15T00:00:00Z,f49426255095b6fb1e4458a8912f1cca336665dcc0fb378794de6e277fa75eeb
TEN,2021,offense_pass_epa_per_dropback,0.04898027026516473,582,2022-02-15T00:00:00Z,f49426255095b6fb1e4458a8912f1cca336665dcc0fb378794de6e277fa75eeb
TEN,2021,offense_rush_epa_per_carry,0.0016278710939868263,551,2022-02-15T00:00:00Z,f49426255095b6fb1e4458a8912f1cca336665dcc0fb378794de6e277fa75eeb
TEN,2022,offense_pass_epa_per_dropback,-0.052625177378084295,505,2023-02-15T00:00:00Z,f49426255095b6fb1e4458a8912f1cca336665dcc0fb378794de6e277fa75eeb
TEN,2022,offense_rush_epa_per_carry,-0.07898329604726576,487,2023-02-15T00:00:00Z,f49426255095b6fb1e4458a8912f1cca336665dcc0fb378794de6e277fa75eeb
TEN,2023,offense_pass_epa_per_dropback,-0.05674505337319228,558,2024-02-15T00:00:00Z,f49426255095b6fb1e4458a8912f1cca336665dcc0fb378794de6e277fa75eeb
TEN,2023,offense_rush_epa_per_carry,-0.0604827742603104,444,2024-02-15T00:00:00Z,f49426255095b6fb1e4458a8912f1cca336665dcc0fb378794de6e277fa75eeb
TEN,2024,offense_pass_epa_per_dropback,-0.11483932873465987,582,2025-02-15T00:00:00Z,f49426255095b6fb1e4458a8912f1cca336665dcc0fb378794de6e277fa75eeb
TEN,2024,offense_rush_epa_per_carry,-0.11170262165431026,450,2025-02-15T00:00:00Z,f49426255095b6fb1e4458a8912f1cca336665dcc0fb378794de6e277fa75eeb
TEN,2025,offense_pass_epa_per_dropback,-0.21265517882401622,626,2026-02-15T00:00:00Z,f49426255095b6fb1e4458a8912f1cca336665dcc0fb378794de6e277fa75eeb
TEN,2025,offense_rush_epa_per_carry,-0.06643621714189248,378,2026-02-15T00:00:00Z,f49426255095b6fb1e4458a8912f1cca336665dcc0fb378794de6e277fa75eeb
WAS,2020,offense_pass_epa_per_dropback,-0.09790331353233761,651,2021-02-15T00:00:00Z,f49426255095b6fb1e4458a8912f1cca336665dcc0fb378794de6e277fa75eeb
WAS,2020,offense_rush_epa_per_carry,-0.006672012280332294,400,2021-02-15T00:00:00Z,f49426255095b6fb1e4458a8912f1cca336665dcc0fb378794de6e277fa75eeb
WAS,2021,offense_pass_epa_per_dropback,-0.06069094374149409,593,2022-02-15T00:00:00Z,f49426255095b6fb1e4458a8912f1cca336665dcc0fb378794de6e277fa75eeb
WAS,2021,offense_rush_epa_per_carry,-0.031016783280472887,477,2022-02-15T00:00:00Z,f49426255095b6fb1e4458a8912f1cca336665dcc0fb378794de6e277fa75eeb
WAS,2022,offense_pass_epa_per_dropback,-0.09982463526472969,602,2023-02-15T00:00:00Z,f49426255095b6fb1e4458a8912f1cca336665dcc0fb378794de6e277fa75eeb
WAS,2022,offense_rush_epa_per_carry,-0.05392858905733824,538,2023-02-15T00:00:00Z,f49426255095b6fb1e4458a8912f1cca336665dcc0fb378794de6e277fa75eeb
WAS,2023,offense_pass_epa_per_dropback,-0.12480076576452152,701,2024-02-15T00:00:00Z,f49426255095b6fb1e4458a8912f1cca336665dcc0fb378794de6e277fa75eeb
WAS,2023,offense_rush_epa_per_carry,-0.023943870873488843,359,2024-02-15T00:00:00Z,f49426255095b6fb1e4458a8912f1cca336665dcc0fb378794de6e277fa75eeb
WAS,2024,offense_pass_epa_per_dropback,0.1378976389380075,575,2025-02-15T00:00:00Z,f49426255095b6fb1e4458a8912f1cca336665dcc0fb378794de6e277fa75eeb
WAS,2024,offense_rush_epa_per_carry,0.12855480457951893,526,2025-02-15T00:00:00Z,f49426255095b6fb1e4458a8912f1cca336665dcc0fb378794de6e277fa75eeb
WAS,2025,offense_pass_epa_per_dropback,-0.01266399683747176,506,2026-02-15T00:00:00Z,f49426255095b6fb1e4458a8912f1cca336665dcc0fb378794de6e277fa75eeb
WAS,2025,offense_rush_epa_per_carry,0.009746371281590598,484,2026-02-15T00:00:00Z,f49426255095b6fb1e4458a8912f1cca336665dcc0fb378794de6e277fa75eeb
